sistema,etapa,p,n_estados,sel_encontrados,T,eventos,reglas_tasa,Rvar_%,Rvar_rel_%,M1_inf,M1_rel_inf,mu_inf,beta_rel_inf,M2_inf,M2_rel_inf,dep_tiempo,log10_Lc_A_abs_M1,A_abs_M1_lineal_1%,A_abs_M1_cert_1%,A_abs_M1_linexacto_1%,A_abs_M1_certexacto_1%,local_cos_lin>c_1%,cos_lin_mediana_1%,A_abs_M1_lineal_5%,A_abs_M1_cert_5%,A_abs_M1_linexacto_5%,A_abs_M1_certexacto_5%,local_cos_lin>c_5%,cos_lin_mediana_5%,A_abs_M1_pert_max_%,log10_Lc_B_rel_M1,B_rel_M1_lineal_1%,B_rel_M1_cert_1%,B_rel_M1_linexacto_1%,B_rel_M1_certexacto_1%,B_rel_M1_lineal_5%,B_rel_M1_cert_5%,B_rel_M1_linexacto_5%,B_rel_M1_certexacto_5%,B_rel_M1_pert_max_%,log10_Lc_C_rel_mu,C_rel_mu_lineal_1%,C_rel_mu_cert_1%,C_rel_mu_linexacto_1%,C_rel_mu_certexacto_1%,C_rel_mu_lineal_5%,C_rel_mu_cert_5%,C_rel_mu_linexacto_5%,C_rel_mu_certexacto_5%,C_rel_mu_pert_max_%,cos5_mediana,segundos
Blasi_CellSystems2016,FIM,9,16,2/2,50.0,0,0,99.95155255522614,94.35149367105808,8.906565125030541,8.906565125030541,0.6062536322875423,0.2326276825650186,237.76206454146595,237.76206454146595,0.0,582.5263209174482,0/15,0/15,13/15,0/15,13/15,0.9896077250840554,0/15,0/15,11/15,0/15,11/15,0.9739957005141198,0.0,582.5263209174482,5/15,0/15,13/15,0/15,2/15,0/15,11/15,0/15,0.0,42.14446898644114,5/15,0/15,13/15,0/15,2/15,0/15,11/15,0/15,0.0,0.9731180649532639,1.1
Chen_MSB2009,FIM,155,500,2/2,50.0,0,0,99.99995911111642,48.91852418524153,32831961318.554413,337389.6251443096,9218.007098281392,337389.6251443096,468506.71850425575,30840.78538540193,0.0,2138810944602.4224,0/15,0/15,3/15,0/15,10/15,0.9968134071150244,0/15,0/15,5/15,0/15,11/15,0.9975520475959077,0.0,21978967.717806373,0/15,0/15,3/15,0/15,0/15,0/15,5/15,0/15,0.0,600503.9830926794,0/15,0/15,3/15,0/15,0/15,0/15,5/15,0/15,0.0,0.9976681610128803,39.5
Fiedler_BMCSystBiol2016,FIM,22,6,2/2,50.0,0,0,99.99999193267833,26.20281014195135,1117.6959039871247,1117.6959039871247,634.5833903333066,3.079511936526798,7935.301693919154,7935.301693919154,0.0002987928209454355,72813.11484752999,0/15,0/15,2/15,0/15,7/15,0.895663229338755,0/15,0/15,1/15,0/15,3/15,0.7950382292111473,0.0,72813.11484752999,0/15,0/15,2/15,0/15,0/15,0/15,1/15,0/15,0.0,41336.76784613169,0/15,0/15,2/15,0/15,0/15,0/15,1/15,0/15,0.0,0.7944035424210617,0.7
Bachmann_MSB2011,FIM,113,25,2/2,50.0,0,0,99.68443068648192,19.35892505913096,6263099.529413996,6263099.529413996,3131549.7051821398,23.25369188337722,1047601.0136483631,1563485.6442458292,0.0,408004434.89778495,0/15,0/15,3/15,0/15,5/15,0.15087614271697367,0/15,0/15,5/15,0/15,7/15,0.8121668603784139,0.0,408004435.07168293,0/15,0/15,3/15,0/15,0/15,0/15,5/15,0/15,0.0,204002203.84382915,0/15,0/15,3/15,0/15,0/15,0/15,5/15,0/15,0.0,0.8223801276783261,1.4
Elowitz_Nature2000,FIM,21,8,2/2,5.0,0,0,1.0214076434755803,76.24007539360899,616692053.9963769,249183.2908918183,41.62291144638613,249183.2908918183,4228463.870760235,181681.2866387762,0.0,4017389339.988321,0/15,0/15,8/15,0/15,8/15,0.9090760105261311,0/15,0/15,3/15,0/15,3/15,0.7794626332620597,0.0,1623284.6751190473,0/15,0/15,8/15,0/15,0/15,0/15,3/15,0/15,0.0,283.23243771986125,0/15,0/15,8/15,0/15,0/15,0/15,3/15,0/15,0.0,0.7844835492850424,0.6
Crauste_CellSystems2017,FIM,12,5,2/2,1.0,0,0,6.267100922633995,99.91496693065332,13089.894981238962,5986.628423898095,71.10294077310698,5986.628423898095,176.52319873078247,53.28349281078194,0.0,17053.626418386957,1/15,0/15,15/15,0/15,15/15,0.9997644441252147,1/15,0/15,15/15,0/15,15/15,0.9997216211811105,0.0,7798.717555119904,14/15,0/15,15/15,0/15,14/15,0/15,15/15,0/15,0.0,97.2532147024076,14/15,0/15,15/15,0/15,14/15,0/15,15/15,0/15,1.4024899734399675e-93,0.9997207132136439,0.4
Sneyd_PNAS2002,FIM,15,6,2/2,5.0,0,0,7.196748874616077e-06,34.408364278741686,1432283.2250277577,1432283.2250277577,209651.44821212202,4.054101069223594e-05,9.689005707071084,464505.97585966566,0.0,9330486.23660816,0/15,0/15,2/15,0/15,7/15,-0.9062736771000535,0/15,0/15,4/15,0/15,9/15,0.9948478085644964,0.0,9330490.917320253,0/15,0/15,2/15,0/15,0/15,0/15,4/15,0/15,0.0,1365738.8135857228,0/15,0/15,2/15,0/15,0/15,0/15,4/15,0/15,0.0,0.9975659448746405,0.3
Zheng_PNAS2012,FIM,46,15,4/4,50.0,0,0,25.75718439453347,81.55281621958392,1612.3434629028754,1612.3434629028754,66.25078925759354,142.9311315868395,1.9441886154882841,468.12857645841757,0.0,105032.75068718464,0/15,0/15,8/15,0/15,9/15,0.9177803946203427,0/15,0/15,4/15,0/15,5/15,0.8443574078249253,0.0,105035.13231394194,0/15,0/15,8/15,0/15,0/15,0/15,4/15,0/15,0.0,4318.258950719103,0/15,0/15,8/15,0/15,0/15,0/15,4/15,0/15,0.0,0.8306458924857164,1.0
Raimundez_PCB2020,FIM,136,22,1/1,50.0,0,0,0.00017751490334338982,0.08278703156247014,1604.8128305074144,1604.8128305074144,801.0935182513291,23.4415510504023,682.227443719757,682.227443719757,0.0,104544.72109695921,0/15,0/15,0/15,0/15,15/15,0.9977920298824129,0/15,0/15,0/15,0/15,15/15,0.9977748481428006,0.0,104544.72109695921,0/15,0/15,0/15,0/15,0/15,0/15,0/15,0/15,0.0,52184.326097597754,0/15,0/15,0/15,0/15,0/15,0/15,0/15,0/15,0.0,0.9998430193898803,0.6
SalazarCavazos_MBoC2020,FIM,6,75,4/4,0.01,0,0,100.0,100.0,31.880554435828124,31.880554435828124,11.105835653679796,0.031138725223371952,0.018883144358482665,27.494442517302563,0.0,-2.4868737126014238,15/15,0/15,15/15,0/15,15/15,1.0,15/15,0/15,15/15,0/15,15/15,1.0,3.8980464933614425e-12,0.6762968924073817,15/15,0/15,15/15,0/15,15/15,0/15,15/15,0/15,0.00034123346554784076,0.3529457377040089,15/15,0/15,15/15,0/15,15/15,0/15,15/15,0/15,0.0007184602937849683,,3.8
Okuonghae_ChaosSolitonsFractals2020,FIM,16,8,6/6,50.0,0,0,5.155427329484041e-06,91.44045894399014,1759.635607888991,107.84899907985263,0.07356604025805503,107.84899907985263,129.99867124643401,32.04953000802853,0.0,114629.76279179615,0/15,0/15,13/15,0/15,14/15,0.9906625485383351,0/15,0/15,11/15,0/15,13/15,0.9931955302555805,0.0,7026.095858046815,0/15,0/15,13/15,0/15,1/15,0/15,11/15,0/15,0.0,14.619570104868906,0/15,0/15,13/15,0/15,1/15,0/15,11/15,0/15,0.0,0.9935210433345735,0.4
Borghans_BiophysChem1997,FIM,23,3,7/7,5.0,0,0,8.037704277059209,79.28274408914223,218.25461988342775,218.25461988342775,133.2917438628262,77.6981207578253,833.087479807213,833.087479807213,0.0,1423.2724587664495,0/15,0/15,5/15,0/15,10/15,0.964691182373434,0/15,0/15,8/15,0/15,13/15,0.9882027479647835,0.0,1423.2724587664495,0/15,0/15,5/15,0/15,0/15,0/15,8/15,0/15,0.0,869.5342101562322,0/15,0/15,5/15,0/15,0/15,0/15,8/15,0/15,0.0,0.9746775451359982,0.4
Armistead_CellDeathDis2024,FIM,14,4,2/2,50.0,0,0,22.5067093723372,70.0323162030055,1780.9752518679222,1780.9752518679222,375.42316108107855,5.192190935246996,1625.6502337035217,1625.6502337035217,0.0,116021.00808872527,0/15,0/15,15/15,0/15,15/15,0.99999483404487,0/15,0/15,15/15,0/15,15/15,0.9997443733289046,0.0,116021.00808872527,15/15,0/15,15/15,0/15,15/15,0/15,15/15,0/15,0.0,24454.438326287003,15/15,0/15,15/15,0/15,15/15,0/15,15/15,0/15,0.0,0.9997464967643611,0.3
Boehm_JProteomeRes2014,SCAN,9,8,3/3,50.0,0,0,94.14390098992914,96.18016453044488,329967.52196069935,329967.52196069935,114497.18511488398,114.65948849133922,3.2678651743897364,143143.27279476248,0.3929860413903814,21495456.984091826,0/15,0/15,13/15,0/15,14/15,0.9866352615225865,0/15,0/15,12/15,0/15,13/15,0.9906111105731744,0.0,21495461.625598636,6/15,0/15,13/15,0/15,2/15,0/15,12/15,0/15,0.0,7458819.340609525,6/15,0/15,13/15,0/15,2/15,0/15,12/15,0/15,0.0,0.9905396788787885,0.3
Raia_CancerResearch2011,SCAN,39,14,1/1,50.0,0,0,99.99631594498155,50.21423763240406,332.2879358272244,5.900224645948363,3.3429617420739133,1.0076097307293546,1.5887971790468944,1.2312925781837045,0.0,21645.19116942915,0/15,0/15,1/15,0/15,10/15,0.9999455140407778,0/15,0/15,5/15,0/15,13/15,0.9999725969149323,0.0,384.57381919828845,0/15,0/15,1/15,0/15,0/15,0/15,5/15,0/15,0.0,217.1881030429661,0/15,0/15,1/15,0/15,0/15,0/15,5/15,0/15,0.0,0.9999823459328415,0.5
Weber_BMC2015,SCAN,36,7,4/4,50.0,0,0,12.198491816161372,41.89149399383207,43164198.14344745,8357587.9421582045,18555.634068154453,8357587.9421582045,11.78740065047452,2737693.0948194554,0.0,2811895954.7470417,0/15,0/15,3/15,0/15,8/15,0.9419366124954855,0/15,0/15,4/15,0/15,6/15,0.8182002912603651,0.0,544448149.1994487,0/15,0/15,3/15,0/15,0/15,0/15,4/15,0/15,0.0,1208799.7877972182,0/15,0/15,3/15,0/15,0/15,0/15,4/15,0/15,0.0,0.8090734515831275,0.5
Zhao_QuantBiol2020,SCAN,28,4,1/1,1.0,0,0,0.022011489704154563,55.160201975767585,2001.230918048577,188.83367472356892,0.3182718771764025,188.83367472356892,3.713605484093969,32.24042971524609,0.0,2605.5282083537763,0/15,0/15,3/15,0/15,12/15,0.9900071488551766,0/15,0/15,6/15,0/15,11/15,0.9943271409475479,0.0,246.14966579208178,0/15,0/15,3/15,0/15,0/15,0/15,6/15,0/15,0.0,7.166363146401072,0/15,0/15,3/15,0/15,0/15,0/15,6/15,0/15,0.0,0.9940981357748796,0.4
Giordano_Nature2020,SCAN,50,10,6/6,50.0,0,0,21.081884669163188,72.17277183639612,1.0688379468479385,1.0688379468479385,0.6295049154162776,0.000354289329010047,51210.526590861395,51210.526590861395,0.6647043201289955,75.19808635745002,0/15,0/15,5/15,0/15,8/15,0.9607067215312772,0/15,0/15,12/15,0/15,13/15,0.9938059070118356,0.0,75.19808635745002,0/15,0/15,5/15,0/15,0/15,0/15,12/15,0/15,0.0,40.308730298188976,0/15,0/15,5/15,0/15,0/15,0/15,12/15,0/15,0.0,0.9933031568117554,1.1
Lang_PLOSComputBiol2024,SCAN,294,124,6/6,50.0,0,0,1.6704190253236106e-07,0.18065183935261908,4.6181966766764045e+22,195771893690492.12,2740140523.335167,195771893690492.12,287360184248.31134,318.0374828117471,0.0,3.008485999536747e+24,0/15,0/15,0/15,0/15,0/15,0.006024130209798341,0/15,0/15,0/15,0/15,0/15,0.00602414211959461,0.0,1.2753397971229604e+16,0/15,0/15,0/15,0/15,0/15,0/15,0/15,0/15,0.0,178504186342.2545,0/15,0/15,0/15,0/15,0/15,0/15,0/15,0/15,0.0,0.9817127966915847,15.9
Smith_BMCSystBiol2013,SCAN,25,128,2/2,50.0,3,0,89.49481216845908,51.45820579537676,1.50715193767566e+18,1370758227888016.2,18679.97416495677,1370758227888016.2,16419.1129713677,3699.8763412262547,0.0,9.818216548834994e+19,0/15,0/15,1/15,0/15,9/15,0.9337753518415519,0/15,0/15,3/15,0/15,11/15,0.9976135510447236,0.0,8.929691015928683e+16,0/15,0/15,1/15,0/15,0/15,0/15,3/15,0/15,0.0,1216913.3723461477,0/15,0/15,1/15,0/15,0/15,0/15,3/15,0/15,0.0,0.9974986952995398,6.5
Rahman_MBS2016,SCAN,9,7,3/3,50.0,0,0,1.1891274742659164e-06,44.63192559713216,3704777476200.626,1687431.8876720257,2.5010346573156674,1687431.8876720257,11098249.368105667,30096.34279621961,0.0,241344662189003.5,0/15,0/15,6/15,0/15,10/15,0.9531517764173593,0/15,0/15,7/15,0/15,11/15,0.9894122310662737,0.0,109926352.75089538,0/15,0/15,6/15,0/15,0/15,0/15,7/15,0/15,0.0,179.55551533211315,0/15,0/15,6/15,0/15,0/15,0/15,7/15,0/15,0.0,0.990347047641891,0.3
Brannmark_JBC2010,SCAN,22,9,6/6,50.0,0,0,98.21049631609273,23.39254804632652,727007.3313468138,727007.3313468138,106621.70648492742,4.231417801726341,1244.280309960423,223065.66714568262,0.0,47360288.9685246,0/15,0/15,1/15,0/15,2/15,0.46267663718700697,0/15,0/15,0/15,0/15,1/15,0.6865770676634136,0.0,47360291.2220391,0/15,0/15,1/15,0/15,0/15,0/15,0/15,0/15,0.0,6945775.2235701075,0/15,0/15,1/15,0/15,0/15,0/15,0/15,0/15,0.0,0.6879072498717004,0.4
