Sistema,Etapa,R_var abs %,R_var rel %,cosΔ ±5% (sim.),M1 ≥,μ ≥,log10 Lc (actual),"log10 Lc (μ, rel.)",1er orden OK ±5% (abs),1er orden OK ±5% (rel),Certif. ±5% (actual),"Certif. ±5% (μ, rel.)","Certif. ±1% (μ, rel.)","Pert. máx. certificable % (μ, rel.)"
Armistead_CellDeathDis2024,FIM,22.5067093723372,70.0323162030055,0.9997464967643611,1780.9752518679222,375.42316108107855,116021.00808872527,24454.438326287003,0/15,15/15,0/15,0/15,0/15,0.0
Bachmann_MSB2011,FIM,99.68443068648192,19.35892505913096,0.8223801276783261,6263099.529413996,3131549.7051821398,408004434.89778495,204002203.84382915,0/15,0/15,0/15,0/15,0/15,0.0
Blasi_CellSystems2016,FIM,99.95155255522614,94.35149367105808,0.9731180649532639,8.906565125030541,0.6062536322875423,582.5263209174482,42.14446898644114,0/15,2/15,0/15,0/15,0/15,0.0
Boehm_JProteomeRes2014,SCAN,94.14390098992914,96.18016453044488,0.9905396788787885,329967.52196069935,114497.18511488398,21495456.984091826,7458819.340609525,0/15,2/15,0/15,0/15,0/15,0.0
Borghans_BiophysChem1997,FIM,8.037704277059209,79.28274408914223,0.9746775451359982,218.25461988342775,133.2917438628262,1423.2724587664495,869.5342101562322,0/15,0/15,0/15,0/15,0/15,0.0
Brannmark_JBC2010,SCAN,98.21049631609273,23.39254804632652,0.6879072498717004,727007.3313468138,106621.70648492742,47360288.9685246,6945775.2235701075,0/15,0/15,0/15,0/15,0/15,0.0
Chen_MSB2009,FIM,99.99995911111642,48.91852418524153,0.9976681610128803,32831961318.554413,9218.007098281392,2138810944602.4224,600503.9830926794,0/15,0/15,0/15,0/15,0/15,0.0
Crauste_CellSystems2017,FIM,6.267100922633995,99.91496693065332,0.9997207132136439,13089.894981238962,71.10294077310698,17053.626418386957,97.2532147024076,1/15,14/15,0/15,0/15,0/15,1.4024899734399675e-93
Elowitz_Nature2000,FIM,1.0214076434755803,76.24007539360899,0.7844835492850424,616692053.9963769,41.62291144638613,4017389339.988321,283.23243771986125,0/15,0/15,0/15,0/15,0/15,0.0
Fiedler_BMCSystBiol2016,FIM,99.99999193267833,26.20281014195135,0.7944035424210617,1117.6959039871247,634.5833903333066,72813.11484752999,41336.76784613169,0/15,0/15,0/15,0/15,0/15,0.0
Giordano_Nature2020,SCAN,21.081884669163188,72.17277183639612,0.9933031568117554,1.0688379468479385,0.6295049154162776,75.19808635745002,40.308730298188976,0/15,0/15,0/15,0/15,0/15,0.0
Lang_PLOSComputBiol2024,SCAN,1.6704190253236106e-07,0.18065183935261908,0.9817127966915847,4.6181966766764045e+22,2740140523.335167,3.008485999536747e+24,178504186342.2545,0/15,0/15,0/15,0/15,0/15,0.0
Okuonghae_ChaosSolitonsFractals2020,FIM,5.155427329484041e-06,91.44045894399014,0.9935210433345735,1759.635607888991,0.07356604025805503,114629.76279179615,14.619570104868906,0/15,1/15,0/15,0/15,0/15,0.0
Rahman_MBS2016,SCAN,1.1891274742659164e-06,44.63192559713216,0.990347047641891,3704777476200.626,2.5010346573156674,241344662189003.5,179.55551533211315,0/15,0/15,0/15,0/15,0/15,0.0
Raia_CancerResearch2011,SCAN,99.99631594498155,50.21423763240406,0.9999823459328415,332.2879358272244,3.3429617420739133,21645.19116942915,217.1881030429661,0/15,0/15,0/15,0/15,0/15,0.0
Raimundez_PCB2020,FIM,0.00017751490334338982,0.08278703156247014,0.9998430193898803,1604.8128305074144,801.0935182513291,104544.72109695921,52184.326097597754,0/15,0/15,0/15,0/15,0/15,0.0
"SCT_Bandura (5 params, +gamma33)",FIM,94.9718072262649,97.08794935487587,0.9868280832199514,15.339761340163305,0.590633555360968,200.58549994458554,12.028841743918795,0/20,2/20,0/20,0/20,,0.0
SalazarCavazos_MBoC2020,FIM,100.0,100.0,,31.880554435828124,11.105835653679796,-2.4868737126014238,0.3529457377040089,15/15,15/15,0/15,0/15,0/15,0.0007184602937849683
Smith_BMCSystBiol2013,SCAN,89.49481216845908,51.45820579537676,0.9974986952995398,1.50715193767566e+18,18679.97416495677,9.818216548834994e+19,1216913.3723461477,0/15,0/15,0/15,0/15,0/15,0.0
Sneyd_PNAS2002,FIM,7.196748874616077e-06,34.408364278741686,0.9975659448746405,1432283.2250277577,209651.44821212202,9330486.23660816,1365738.8135857228,0/15,0/15,0/15,0/15,0/15,0.0
Weber_BMC2015,SCAN,12.198491816161372,41.89149399383207,0.8090734515831275,43164198.14344745,18555.634068154453,2811895954.7470417,1208799.7877972182,0/15,0/15,0/15,0/15,0/15,0.0
Zhao_QuantBiol2020,SCAN,0.022011489704154563,55.160201975767585,0.9940981357748796,2001.230918048577,0.3182718771764025,2605.5282083537763,7.166363146401072,0/15,0/15,0/15,0/15,0/15,0.0
Zheng_PNAS2012,FIM,25.75718439453347,81.55281621958392,0.8306458924857164,1612.3434629028754,66.25078925759354,105032.75068718464,4318.258950719103,0/15,0/15,0/15,0/15,0/15,0.0
