sistema,escenario,cos,e_rel,e_ajuste
Blasi_CellSystems2016,0,0.9911788082930965,0.13495286890040933,0.12921819833020978
Blasi_CellSystems2016,1,0.8550706045836409,0.5275040647832413,0.4174455277667263
Blasi_CellSystems2016,2,0.9900859751168518,0.1583264442983188,0.13958210536274085
Blasi_CellSystems2016,3,0.9922725994608744,0.13251208191943054,0.11841834150229533
Blasi_CellSystems2016,4,0.9981903750148381,0.06623302070503582,0.05917242145232458
Blasi_CellSystems2016,5,0.982720713136053,0.20104626012003818,0.18491698396897366
Blasi_CellSystems2016,6,0.9869392040711804,0.1645064470279203,0.16102418416425207
Blasi_CellSystems2016,7,0.9952083710585545,0.09777814896219705,0.09591169012283933
Blasi_CellSystems2016,8,0.9866614502092581,0.25114814156999543,0.1475562656482633
Blasi_CellSystems2016,9,0.9376592226116655,0.4312787518664881,0.34726129789289634
Blasi_CellSystems2016,10,0.9967168857533739,0.08707227510488383,0.07849467728962004
Blasi_CellSystems2016,11,0.9910643846266387,0.15631869277534882,0.13280882967403287
Blasi_CellSystems2016,12,0.9932868172683168,0.11720590065090594,0.11342054082220987
Blasi_CellSystems2016,13,0.9928947027686593,0.12305032148134831,0.11161606306076374
Blasi_CellSystems2016,14,0.9900390648059036,0.21398614052362677,0.14075086471056428
