sistema,escenario,cos,e_rel,e_ajuste
Lang_PLOSComputBiol2024,0,0.8874797157809617,0.8476032393366348,0.1792782645571004
Lang_PLOSComputBiol2024,1,0.8848010919186567,0.8493992638552581,0.18261244457479156
Lang_PLOSComputBiol2024,2,0.8819296574207544,0.8579818839725809,0.18132803987968205
Lang_PLOSComputBiol2024,3,0.8801975871702719,0.8521712610342821,0.183383915358369
Lang_PLOSComputBiol2024,4,0.8913842897740959,0.8408739159158232,0.1820523764957299
Lang_PLOSComputBiol2024,5,0.8835108639502152,0.8529817247243004,0.1801559762624184
Lang_PLOSComputBiol2024,6,0.880113871818305,0.8558037138927305,0.1819576300234215
Lang_PLOSComputBiol2024,7,0.8841686957006266,0.8466531859054637,0.18137982214960255
Lang_PLOSComputBiol2024,8,0.8821536580727954,0.8542792782341511,0.18285322764361178
Lang_PLOSComputBiol2024,9,0.8831569176935835,0.8546556637053373,0.1793349064632938
Lang_PLOSComputBiol2024,10,0.8858245634587112,0.8467050862865854,0.18038699927200905
Lang_PLOSComputBiol2024,11,0.8869689352393525,0.8481209278698989,0.18177414391348548
Lang_PLOSComputBiol2024,12,0.8852294670016316,0.8541939834777311,0.1807523702894933
Lang_PLOSComputBiol2024,13,0.881977103802483,0.8542941431348945,0.1830144079826361
Lang_PLOSComputBiol2024,14,0.8811747276272593,0.851014903348394,0.18119192274933124
