sistema,p,T,S1,Rvar_S1_%,S1_cumple,etapa,S,Rvar_%,kappa,VIF,cos_med,erel_med,n_escenarios,admisible,segundos,etapa_paper,S_paper,cos_S1,erel_S1,motivo
Isensee_JCB2018,46,50.0,"['kf_RII_C_2__RIIp_C_2', 'kf_RII_C_2__RII_2', 'xi_kf_RII_C_2__RII_2', 'kdeg_cAMP_free']",66.48121706803309,False,Stage 2,"['kf_RII_C_2__RIIp_C_2', 'kf_RII_C_2__RII_2', 'xi_kf_RII_C_2__RII_2', 'ks_AC_cAMP']",66.4805580151739,5.915777478457363,8.804599766288607,0.8424807481959715,0.9357610897915825,15.0,False,0.3,Parcial,[],,,
Alkan_SciSignal2018,44,50.0,"['p_atm_act_dsb', 'p_p53_act_atm', 'kt', 'p_chk2_act', 'p_atr_act_ssb', 'p_p53_act_chk2', 'p_chk1_act', 'p_p21_mrna_turn', 'p_h2ax_act_atr', 'k_damage_gem_ssb', 'p_atr_act_atm', 'p_p21_turn', 'p_wip1_turn']",48.69544464316774,False,Stage 2,"['p_atm_act_dsb', 'p_p53_act_atm', 'kt', 'p_chk2_act', 'p_atr_act_ssb', 'p_p53_act_chk2', 'p_chk1_act', 'p_p21_mrna_turn', 'p_h2ax_act_atr', 'p_atr_act_atm', 'k_damage_gem_ssb', 'p_p21_turn', 'p_wip1_turn']",48.69544464316774,8.11199322096907,9.90947056977528,0.8676803649685131,0.5870419324075788,15.0,False,1.4,No admisible,[],,,
Bruno_JExpBot2016,13,50.0,"['kb1', 'kc2', 'kb2', 'kc4']",95.56796212475113,True,Stage 1,"['kb1', 'kc2', 'kb2', 'kc4']",95.56796212475113,2.193754336430154,1.7535561790760934,0.9772685946326171,0.21943989317562476,15.0,True,0.1,No admisible,[],0.9772685946326171,0.21943989317562476,
Beer_MolBioSystems2014,72,50.0,,,,Técnico,,,,,,,,False,,Técnico,[],,,Jacobiano nulo (ningún parámetro dinámico afecta a los estados)
Bertozzi_PNAS2020,8,50.0,,,,Técnico,,,,,,,,False,,Técnico,[],,,Jacobiano nulo (ningún parámetro dinámico afecta a los estados)
Fujita_SciSignal2010,19,50.0,['EGFR_turnover'],100.0,False,Stage 2,['EGFR_turnover'],100.0,1.0,1.0,1.0,0.0,15.0,False,0.1,Técnico,[],,,
Laske_PLOSComputBiol2019,13,50.0,"['k_bind_M1', 'k_syn_R_V']",99.75991226416141,True,Stage 1,"['k_bind_M1', 'k_syn_R_V']",99.75991226416141,1.7412189396208242,1.3404189337821197,0.9982211847000738,0.06419467561777598,15.0,True,0.5,Técnico,[],0.9982211847000738,0.06419467561777598,
Liu_IFACPapersOnLine2025,9,50.0,"['delta', 'kappa']",99.9999999952641,True,Stage 1,"['delta', 'kappa']",99.9999999952641,1.0627805280707103,1.0037120071679841,0.9999999999674197,8.083505516089535e-06,15.0,True,0.1,Técnico,[],0.9999999999674197,8.083505516089535e-06,
Lucarelli_CellSystems2018,84,50.0,,,,Técnico,,,,,,,,False,,Técnico,[],,,Jacobiano nulo (ningún parámetro dinámico afecta a los estados)
Oliveira_NatCommun2021,12,50.0,"['beta_0', 'beta_1', 'h_hosp_rate', 'gamma_h', 'gamma_u']",57.36513369128529,False,Stage 2,"['beta_0', 'beta_1', 'h_hosp_rate', 'gamma_h', 'gamma_u']",57.36513369128529,6.368346031847256,8.479817162761224,0.986792971605687,0.7935329222593007,15.0,False,0.1,Técnico,[],,,
Perelson_Science1996,3,50.0,"['c', 'delta']",100.0,True,Stage 1,"['c', 'delta']",100.0,1.6404875823926466,1.2656952566431026,1.0,0.0,15.0,True,0.1,Técnico,[],1.0,0.0,
Schwen_PONE2014,30,50.0,,,,Técnico,,,,,,,,False,,Técnico,[],,,Jacobiano nulo (ningún parámetro dinámico afecta a los estados)
