sistema,nivel_%,escenario,cos,e_rel,amp
Crauste_CellSystems2017,1,0,0.9995595665629113,0.03795067561629651,0.9759041044628285
Crauste_CellSystems2017,1,1,0.99999019303682,0.004840834099161261,1.0019446353080157
Crauste_CellSystems2017,1,2,0.9999399397270314,0.011434339491558433,1.0031998754483018
Crauste_CellSystems2017,1,3,0.999599847797161,0.03721965323469618,1.023789893332826
Crauste_CellSystems2017,1,4,0.9991622025150186,0.04861668877818167,1.0254050941700543
Crauste_CellSystems2017,1,5,0.9998128406931687,0.025581191300676383,0.9830762411787941
Crauste_CellSystems2017,1,6,0.9720501347344218,0.28299854897259147,1.130067991819627
Crauste_CellSystems2017,1,7,0.9997639661527632,0.024433324716442294,1.0109432046868803
Crauste_CellSystems2017,1,8,0.9993614547990288,0.0450233240396572,0.9719677138056726
Crauste_CellSystems2017,1,9,0.9999769640440377,0.007078915107218799,0.9979670740406941
Crauste_CellSystems2017,1,10,0.9986480583587375,0.06433765557508443,0.9607366037760663
Crauste_CellSystems2017,1,11,0.9999769223597437,0.00880847902948412,0.9943702696259379
Crauste_CellSystems2017,1,12,0.999939889541821,0.013700472489993426,1.0081548541405485
Crauste_CellSystems2017,1,13,0.9996915499007878,0.02905631567079362,1.014773473630882
Crauste_CellSystems2017,1,14,0.9999322922098304,0.015167524450376503,0.9902038389947606
Crauste_CellSystems2017,5,0,0.9998086797702896,0.019595389749586904,1.0009814727818327
Crauste_CellSystems2017,5,1,0.9997207132136439,0.030841839816210907,0.9799034603352644
Crauste_CellSystems2017,5,2,0.9993393422733402,0.048315455114069955,1.0311749232825196
Crauste_CellSystems2017,5,3,0.9977212842764055,0.07900957542880463,0.9566083409665458
Crauste_CellSystems2017,5,4,0.9997664760387088,0.026034582158493077,1.0142856385154264
Crauste_CellSystems2017,5,5,0.997501147741628,0.08250411863479121,1.040109472486558
Crauste_CellSystems2017,5,6,0.99989542499339,0.018080973458649032,0.9890426592664084
Crauste_CellSystems2017,5,7,0.999879325711793,0.017599544591670537,0.9916082945968447
Crauste_CellSystems2017,5,8,0.9993827580252763,0.04280747739822542,1.0238445069285511
Crauste_CellSystems2017,5,9,0.999749811308146,0.02765481738778896,0.983487150534893
Crauste_CellSystems2017,5,10,0.9999160192342267,0.013809453067464684,1.0046853499257522
Crauste_CellSystems2017,5,11,0.999929746335072,0.016092759128561517,0.9890451470272537
Crauste_CellSystems2017,5,12,0.9996772625065394,0.03317968689138123,0.9783343293721642
Crauste_CellSystems2017,5,13,0.9995622501797722,0.038330758030519003,1.0239331138420122
Crauste_CellSystems2017,5,14,0.9969109312888843,0.1009017934046924,1.060255835074068
Crauste_CellSystems2017,10,0,0.9991793489645393,0.047269632860450224,1.0235471471408761
Crauste_CellSystems2017,10,1,0.9980764435821614,0.07748558665089311,0.9515941526290683
Crauste_CellSystems2017,10,2,0.9992650293923582,0.04564626544068311,0.9744823637731688
Crauste_CellSystems2017,10,3,0.9999667346691882,0.008284250203947614,1.0014156123038238
Crauste_CellSystems2017,10,4,0.9999119634165955,0.014933322771916587,1.006763146718939
Crauste_CellSystems2017,10,5,0.9990377873613421,0.05314639215874299,0.9690204661061711
Crauste_CellSystems2017,10,6,0.9987759924678743,0.059540765695377945,1.0319209153035067
Crauste_CellSystems2017,10,7,0.9996845358075751,0.030768635585233486,1.017457550987426
Crauste_CellSystems2017,10,8,0.9999147505127696,0.017169701238501537,0.9887654485779691
Crauste_CellSystems2017,10,9,0.9999580062529059,0.01191221169646447,0.9923478119855454
Crauste_CellSystems2017,10,10,0.9938194266578798,0.12657725980821274,1.054637643527112
Crauste_CellSystems2017,10,11,0.9989262743984182,0.05827120383991544,1.0342707913771085
Crauste_CellSystems2017,10,12,0.999939599501594,0.013585236828400887,0.9919545314936256
Crauste_CellSystems2017,10,13,0.9995882189234715,0.03624769734533688,0.9774409172043536
Crauste_CellSystems2017,10,14,0.9999670471795067,0.010898642831566234,1.0072386261326554
Crauste_CellSystems2017,20,0,0.9983120782018414,0.07880257579413787,1.0515741795072666
Crauste_CellSystems2017,20,1,0.9927460391210852,0.1542158285153311,1.0893235725088932
Crauste_CellSystems2017,20,2,0.9993406106437857,0.04592846584619181,1.0274667560760855
Crauste_CellSystems2017,20,3,0.9998655963556953,0.022490272217424265,1.015261151563088
Crauste_CellSystems2017,20,4,0.9996900480632033,0.029392743629302234,1.0153145664451468
Crauste_CellSystems2017,20,5,0.999665937037981,0.031365482169173044,0.981895761300819
Crauste_CellSystems2017,20,6,0.9998232019627493,0.021127774916136714,0.9901889891795747
Crauste_CellSystems2017,20,7,0.9999329742706087,0.01542129036482375,0.9897462559481225
Crauste_CellSystems2017,20,8,0.9999258261859999,0.016325076248809755,1.0107962442223082
Crauste_CellSystems2017,20,9,0.9999586645940057,0.010257323189976809,1.0047066721393763
Crauste_CellSystems2017,20,10,0.999783489563233,0.026553162259641223,1.01627883524684
Crauste_CellSystems2017,20,11,0.9999770916494127,0.00811230491297053,1.004448480093536
Crauste_CellSystems2017,20,12,0.999935072103578,0.012905280505371649,0.9938774580757674
Crauste_CellSystems2017,20,13,0.9999522169350885,0.012966342268902132,1.0084705609779192
Crauste_CellSystems2017,20,14,0.9990992037333444,0.051195163453815785,0.9704607040927126
Crauste_CellSystems2017,50,0,0.9991869967982381,0.04727796509529731,0.9744916418861573
Crauste_CellSystems2017,50,1,0.9999395982400113,0.011830306182538086,0.9955628102890862
Crauste_CellSystems2017,50,2,0.9996480615105231,0.03349461336640819,0.9791996873377146
Crauste_CellSystems2017,50,3,0.999914779247334,0.016703855549291616,1.010335170192778
Crauste_CellSystems2017,50,4,0.9997825893259006,0.025996208553129736,0.9842574877693978
Crauste_CellSystems2017,50,5,0.9994498471931688,0.03964136585151537,0.9777372945790225
Crauste_CellSystems2017,50,6,0.998800640808486,0.04909412853824705,1.0023997429703897
Crauste_CellSystems2017,50,7,0.9949370922040078,0.116073255834505,1.053013061101549
Crauste_CellSystems2017,50,8,0.9999074993154335,0.017971768781195115,0.9881605141546188
Crauste_CellSystems2017,50,9,0.9999861667622567,0.005526300301765329,1.0016813690797246
Crauste_CellSystems2017,50,10,0.9970692375284717,0.09356172329746654,0.9432096005820634
Crauste_CellSystems2017,50,11,0.9994502370588053,0.0392891392586019,1.0205313380875347
Crauste_CellSystems2017,50,12,0.9999858729905624,0.006146736864434759,0.9968990372681491
Crauste_CellSystems2017,50,13,0.9987613765895947,0.06369320252465169,0.9589981848793134
Crauste_CellSystems2017,50,14,0.9996844628720662,0.0311934415540605,0.9811897040523737
