sistema,etapa,T,|S|,p,cos_med_1%,erel_med_1%,erel_p90_1%,amp_med_1%,erel<=0.10_1%,erel<=0.436_1%,cos_med_5%,erel_med_5%,erel_p90_5%,amp_med_5%,erel<=0.10_5%,erel<=0.436_5%,cos_med_10%,erel_med_10%,erel_p90_10%,amp_med_10%,erel<=0.10_10%,erel<=0.436_10%,cos_med_20%,erel_med_20%,erel_p90_20%,amp_med_20%,erel<=0.10_20%,erel<=0.436_20%,cos_med_50%,erel_med_50%,erel_p90_50%,amp_med_50%,erel<=0.10_50%,erel<=0.436_50%,segundos
Blasi_CellSystems2016,FIM,50.0,2,9,0.9895082849276944,0.18413035944880515,0.5792982007456187,0.9051541054922744,0/15,13/15,0.9731180649533194,0.2557124718642173,0.7058497246984219,0.9980447097802494,2/15,11/15,0.98752386347042,0.19289297774980652,0.7241465836262474,1.0216136279911698,1/15,11/15,0.9796658445043739,0.2095789891002473,0.8263236283733625,0.9340685156215898,0/15,8/15,0.976313566896921,0.24945041965648823,0.7830034157121284,1.0290566170683264,2/15,11/15,0.3
Chen_MSB2009,FIM,50.0,2,155,0.9968084263727202,0.6241741867204368,5.598029456387874,1.0484046062547245,2/15,3/15,0.9976681610128803,0.5259316069989075,1.6645116383821306,0.5825969453098502,0/15,5/15,0.9962983600247918,0.6668915354890501,1.8800347710375414,0.9905804790604655,3/15,5/15,0.9978731817738659,0.5016961318229112,2.9760387615397583,0.7277208345245386,0/15,4/15,0.995744257732136,0.6938894536045617,5.113059861013837,0.6849766459157591,0/15,2/15,15.8
Fiedler_BMCSystBiol2016,FIM,50.0,2,22,0.8971141817842578,0.8900867006255132,1.6279229419812113,0.6255543061533565,0/15,2/15,0.7944035424211531,0.8849714646415189,1.2196213270850795,0.573743900226933,0/15,0/15,0.8283104639825638,0.73421499326108,1.3723869883232498,0.5666767728832254,0/15,1/15,0.8577151419648634,0.8331154317719842,1.4615001710839888,0.7009627272627971,1/15,2/15,0.8274368290879627,0.8120569228993214,1.174997110174044,0.5082008772338269,0/15,2/15,0.6
Bachmann_MSB2011,FIM,50.0,2,113,0.15099365235710285,0.9929726461466353,1.429677145678905,0.5575138644518859,0/15,3/15,0.8223801276783264,0.6923037578924649,1.5174385294293478,0.6675256296199921,0/15,5/15,0.7978635703953856,0.8982089398979052,1.2557581676892235,0.35644849374729937,0/15,2/15,0.6444366160339974,0.7762008055358549,2.9479743327966266,0.7633495748984648,0/15,2/15,0.9716415219888744,0.5987700937844532,1.013924297961236,0.509183247197182,0/15,3/15,0.3
Elowitz_Nature2000,FIM,5.0,2,21,0.9101212866027835,0.4143419516391053,0.9345769293474075,0.9102172845661965,2/15,8/15,0.7844835492850424,0.6201496313050333,0.9254845714158614,0.7844179243936272,0/15,3/15,0.8990630793121669,0.4378191594536034,0.9896524784353582,0.8992553471853406,3/15,7/15,0.9733934517444712,0.22914143791662922,0.9414946572250754,0.972612126257528,2/15,8/15,0.9718535574394518,0.23558578897124793,0.7874750951534331,0.9718208019330545,2/15,9/15,0.2
Crauste_CellSystems2017,FIM,1.0,2,12,0.9997639661527632,0.025581191300676383,0.05804926885632332,1.0019446353080157,14/15,15/15,0.9997207132136439,0.030841839816210907,0.08110630135239658,1.0009814727818327,14/15,15/15,0.9995882189234715,0.03624769734533688,0.07030765826868704,1.0014156123038238,14/15,15/15,0.9998232019627493,0.022490272217424265,0.06775961085800902,1.0084705609779192,14/15,15/15,0.9996480615105231,0.03349461336640819,0.08161431498834058,0.9881605141546188,14/15,15/15,0.2
Sneyd_PNAS2002,FIM,5.0,2,15,0.996944402075553,0.711037781148324,1.2340434694869948,0.3674595120322148,0/6,1/6,0.9975659453099902,0.6784382161135146,2.1663587529911847,0.5845499977354695,0/13,4/13,0.997269149577878,0.5916187558401091,1.3650326996732163,0.45678463942123504,0/14,4/14,0.9957487578907002,0.6219493575215767,3.3590737747375075,0.7517740646642799,2/15,6/15,0.988646144411403,0.958570804950107,6.325024698143455,0.7634123117749431,1/15,4/15,0.2
Zheng_PNAS2012,FIM,50.0,4,46,0.917738122155861,0.4077413108066284,1.0317953063733993,0.9108428804013456,0/15,8/15,0.8306458924857553,0.7031768241691191,1.0408370760784638,0.9506100695354852,0/15,4/15,0.848546524237633,0.5408672655429647,1.3931630001002604,0.9057863153445583,0/15,5/15,0.9425433223503362,0.3624152279176396,0.6382451963875387,0.9151700589310308,0/15,8/15,0.9062206602534116,0.4423257047860259,0.9810368934857482,0.8080535188262586,0/15,7/15,0.3
Raimundez_PCB2020,FIM,50.0,1,136,0.9998404735326818,0.995503400419768,0.9955081058793547,0.004497306592873652,0/15,0/15,0.9998430193898814,0.995507835592362,0.9955164712911795,0.0044929578729236055,0/15,0/15,0.9998267202703579,0.995513451636057,0.9955344185953048,0.004487301638187252,0/15,0/15,0.9998242429225128,0.995514585747487,0.99554678509906,0.004486053796953138,0/15,0/15,0.9996911746715276,0.9954997337669681,0.9955989060835861,0.0045008413059191245,0/15,0/15,0.3
SalazarCavazos_MBoC2020,FIM,0.01,4,6,,,,,,,,,,,,,,,,,,,,,,,,,,,,,,,2.3
Okuonghae_ChaosSolitonsFractals2020,FIM,50.0,6,16,0.9907131197429135,0.28176449759953015,0.4574315933118654,0.8993571885733624,1/15,13/15,0.9935210433345735,0.2573659185055136,0.5884714150141498,0.954058054350823,2/15,10/15,0.9590722546396887,0.5471413463135808,1.1601678503395916,1.1669638301064043,1/15,6/15,0.9901860553701235,0.36967978743638474,0.6020194011473724,0.9724686725669545,2/15,10/15,0.988972069783828,0.31539937344378954,0.8315012781082836,0.8769731165296223,0/15,10/15,0.1
Borghans_BiophysChem1997,FIM,5.0,7,23,0.9851557083519207,0.1716676594238217,1.6257145952934913,1.0045477067777633,6/15,9/15,0.9746775451359985,0.23660194080208047,0.6855390808958071,1.0209245938216776,1/15,13/15,0.9005837343822615,0.4767497884713893,1.4569291421023693,1.1141476364785077,0/15,7/15,0.9292713562606126,0.38618812943452246,1.2133752675551632,1.0176694744254096,1/15,8/15,0.6706358610212046,0.7964181173782245,1.192123226437414,1.0091704861819046,1/15,1/15,0.2
Armistead_CellDeathDis2024,FIM,50.0,2,14,0.9999945881731567,0.012014603547605831,0.024891995005013153,1.010363432412154,15/15,15/15,0.999746496764364,0.06517769897841855,0.1428060633182781,1.0589935345373147,11/15,15/15,0.9982976031554852,0.2110298287384464,0.3960973767371323,1.0501849326374382,4/15,13/15,0.996784857539297,0.2724198269800963,0.44500862298571037,0.8638583868911492,2/15,13/15,0.9112488463608647,0.7592951245322735,2.3315620437230433,0.7291748846743586,0/15,3/15,0.1
Boehm_JProteomeRes2014,SCAN,50.0,3,9,0.9864999330665195,0.19458184735907963,0.4375022994290132,0.9332069578952235,3/15,13/15,0.9905396788787888,0.16469975279332383,0.5220000726702859,1.0088059473710496,5/15,12/15,0.9804349671819157,0.2612954890023413,0.37858516902623984,0.9278048141664068,3/15,14/15,0.9930230508500698,0.1425854752501914,0.2927081873942935,1.0188824321679002,4/15,15/15,0.9736283057741703,0.2656232523243125,0.4433411109192576,0.9678002442264378,3/15,13/15,0.1
Raia_CancerResearch2011,SCAN,50.0,1,39,0.9999473793107052,0.970869504203788,4.966469009669517,0.5944879659288502,0/15,1/15,0.9999823459328455,0.6759990028733673,2.670429919349312,0.8287357241725744,1/15,5/15,0.9999480312836315,0.6371163342257872,3.3811598594853445,0.9921166568018237,2/15,5/15,0.9999120699795855,0.7631569432037419,2.4250431826052266,1.0240992845689083,1/15,6/15,0.999589956040473,0.973385945508922,6.231762443086224,0.880913015306765,0/15,2/15,0.1
Weber_BMC2015,SCAN,50.0,4,36,0.9416268951463007,0.7352619373562505,1.4826039771226727,0.6633893442352222,0/15,3/15,0.8090734515831275,0.7237148623888722,1.7831261309215176,0.708874825081325,1/15,4/15,0.6641864214675779,0.7478224876948731,1.5878639381056134,0.6446396681807604,0/15,3/15,0.6778884374299867,0.7661403111652648,3.480586013358461,0.9760668346311681,0/15,5/15,0.8823120248562597,0.7495800982987629,0.9867564889690256,0.6393808825501838,2/15,4/15,0.3
Zhao_QuantBiol2020,SCAN,1.0,1,28,0.9900399425370112,0.775485028762855,2.009467675196508,0.7964744122199228,0/15,4/15,0.9940981357748796,0.5739986053604303,2.613668523742755,0.7768510012534705,0/15,6/15,0.9949163405973229,0.530580348459272,1.4435287650359467,0.6241283958917924,0/15,6/15,0.993705821769766,0.6550101174995295,3.038020239575093,0.802123450785615,0/15,5/15,0.9948748319451698,0.61897994845388,1.9849998501665052,0.7651409205690054,2/15,5/15,0.1
Giordano_Nature2020,SCAN,50.0,6,50,0.9606658533497624,1.2527691838632116,5.1110119640331595,0.7293116885507468,1/15,5/15,0.993303156812108,0.2532223237415961,1.4140031908401518,1.0005362295933444,0/15,12/15,0.997418820058472,0.528869424153633,1.1672881417729177,1.0941267203327592,1/15,7/15,0.9969564891094147,0.28275228713375,1.2879551119268902,0.7893311395777176,0/15,9/15,0.9851075496670961,0.907055022053607,8.654532830853126,1.063598181465546,3/15,5/15,0.6
Lang_PLOSComputBiol2024,SCAN,50.0,6,294,0.9818045078147507,0.2421401382444478,0.24282733233763587,0.8317753013453576,0/15,15/15,0.9817127966915847,0.24280010666963778,0.24604094851518654,0.8318891878122421,0/15,15/15,0.9817512436612527,0.24068049751764928,0.2560040641987581,0.8362540404202788,0/15,15/15,0.9811722414580215,0.24096892467219314,0.26451507810997754,0.8335923796135698,0/15,15/15,0.9771324622998697,0.2912566655969574,0.33190441561479317,0.8064712084607802,0/15,15/15,6.8
Smith_BMCSystBiol2013,SCAN,50.0,2,25,0.9333696926056212,1.2286733740484068,5.669170202383779,1.5133168415699607,0/15,1/15,0.9974986952995398,0.6064281920136029,1.837526723906971,0.5011901411807995,1/15,3/15,0.9980871401209488,0.5513984836572882,6.5927424023127035,1.0782535265554967,2/15,7/15,0.9954873773544649,0.7905732805698449,4.624471410875665,0.8491737508559565,1/15,5/15,0.9946791264028069,0.8379287968673511,3.239128511313825,0.883223375989725,0/15,4/15,3.6
Rahman_MBS2016,SCAN,50.0,3,9,0.9528786106524829,0.6060706200004715,4.117194923542069,0.7506443485594778,0/15,6/15,0.990347047641891,0.4449376023265353,7.529193515401037,0.8714495482335379,1/15,7/15,0.9830770075371985,0.8510025968099423,3.636662918784362,0.9300541171295252,0/15,2/15,0.9214426981706352,0.664581577724107,2.4574004430929133,0.5609312991451355,0/15,2/15,0.965834890498716,0.6857421864771875,7.092573892326269,0.9740073238960324,3/15,5/15,0.1
Brannmark_JBC2010,SCAN,50.0,6,22,0.46262422504225864,0.889335154344547,1.1477678637486939,0.48408352593612664,0/15,1/15,0.6879072498717024,0.8684709675586575,1.335116437713285,0.552239652370547,0/15,0/15,0.22961353046759175,1.0023061022084476,1.1239013226521406,0.4502261879656273,0/15,2/15,0.7074549117390122,0.8040648043506625,1.1793843689675687,0.5461917536514028,0/15,2/15,0.647971716524559,0.8060474025010227,1.2482553880615703,0.5021521475339504,0/15,1/15,0.2
Froehlich_CellSystems2018,FIM,50.0,22,4231,0.947618234328806,0.3300786175852224,0.4832949018013502,0.9351396842218508,0/15,12/15,0.9420071866759697,0.3364004786857031,0.4459120616013461,0.9332558899173259,0/15,13/15,0.9537215077545046,0.3008756463497632,0.3939451288597411,0.9431920766248837,0/15,15/15,0.9283871158524446,0.37468028497454753,0.4519040219490453,0.9386368056970837,0/15,12/15,0.922062116295173,0.3870653772500267,0.4979356714099216,0.9480755575263349,0/15,10/15,421.1
