variante,base,sistema,mismo_S,jaccard,misma_etapa,misma_admisibilidad,admisible_base,admisible_var,eaj_base,eaj_var,S_base,S_var
"δ = 0,1 %",salidas,Armistead_CellDeathDis2024,True,1.0,True,True,True,True,0.05740767507099321,0.05740767507099321,"k_d, k00, k2, alpha_cer","k_d, k00, k2, alpha_cer"
"δ = 0,1 %",salidas,Bertozzi_PNAS2020,True,1.0,True,True,True,True,0.3291003004368945,0.3291003004368945,"R0_NY, I0_NY","R0_NY, I0_NY"
"δ = 0,1 %",salidas,Blasi_CellSystems2016,True,1.0,True,True,True,True,0.19792144351844154,0.19792144351844154,"a_basal, a_k16_k12k16, a_k12k16_k8k12k16, a_k5k12_k5k8k12, a_k8k12k16_4ac","a_basal, a_k16_k12k16, a_k12k16_k8k12k16, a_k5k12_k5k8k12, a_k8k12k16_4ac"
"δ = 0,1 %",salidas,Boehm_JProteomeRes2014,True,1.0,True,True,True,True,0.0935348340647396,0.0935348340647396,"k_imp_hetero, k_phos","k_imp_hetero, k_phos"
"δ = 0,1 %",salidas,Borghans_BiophysChem1997,True,1.0,True,True,True,True,0.1627423546553349,0.1627423546553349,"Kz, K_par","Kz, K_par"
"δ = 0,1 %",salidas,Brannmark_JBC2010,True,1.0,True,True,True,True,0.22207654866275284,0.22207654866275284,"k_IRP_1Step, k1f","k_IRP_1Step, k1f"
"δ = 0,1 %",salidas,Bruno_JExpBot2016,True,1.0,True,True,True,True,0.2727516683939247,0.2727516683939247,"kb1, init_bcar2, init_zea_1, init_bcar1, szea, init_bcry_1, init_b10_1","kb1, init_bcar2, init_zea_1, init_bcar1, szea, init_bcry_1, init_b10_1"
"δ = 0,1 %",salidas,Crauste_CellSystems2017,True,1.0,True,True,False,False,0.9516930384478459,0.9516930384478459,rho_E,rho_E
"δ = 0,1 %",salidas,Elowitz_Nature2000,True,1.0,True,True,True,True,0.05206074154163219,0.05206074154163219,"n_Hill, tau_mRNA, tau_prot, scale, tau_prot_GFP, eff","n_Hill, tau_mRNA, tau_prot, scale, tau_prot_GFP, eff"
"δ = 0,1 %",salidas,Fiedler_BMCSystBiol2016,True,1.0,True,True,True,True,0.3843282273863871,0.3843282273863871,"tau2, s_pMek_20140505_gel2, s_pMek_20140430_gel2, k6, k3","tau2, s_pMek_20140505_gel2, s_pMek_20140430_gel2, k6, k3"
"δ = 0,1 %",salidas,Fujita_SciSignal2010,True,1.0,True,True,True,True,0.3254071383747658,0.3254071383747658,"init_AKT, scaling_pS6_tot","init_AKT, scaling_pS6_tot"
"δ = 0,1 %",salidas,Giordano_Nature2020,True,1.0,True,True,True,True,0.05750445056487047,0.05750445056487047,"alpha_4, alpha_28","alpha_4, alpha_28"
"δ = 0,1 %",salidas,Laske_PLOSComputBiol2019,True,1.0,True,True,True,True,0.15756225697796017,0.15756225697796017,"Int_nuc_off, k_imp","Int_nuc_off, k_imp"
"δ = 0,1 %",salidas,Liu_IFACPapersOnLine2025,True,1.0,True,True,True,True,0.26130212510265444,0.26130212510265444,"kappa, phi","kappa, phi"
"δ = 0,1 %",salidas,Okuonghae_ChaosSolitonsFractals2020,True,1.0,True,True,True,True,0.04108488716445427,0.04108488716445427,"transmission_rate_effective, gamma_i","transmission_rate_effective, gamma_i"
"δ = 0,1 %",salidas,Oliveira_NatCommun2021,True,1.0,True,True,True,True,0.12919974411347482,0.12919974411347482,"beta_0, h_hosp_rate","beta_0, h_hosp_rate"
"δ = 0,1 %",salidas,Perelson_Science1996,True,1.0,True,True,True,True,0.0,0.0,"c, delta","c, delta"
"δ = 0,1 %",salidas,Rahman_MBS2016,True,1.0,True,True,True,True,0.03710102189562674,0.03710102189562674,"infected_moderate_transmission_rate, infected_normal_worsen_rate","infected_moderate_transmission_rate, infected_normal_worsen_rate"
"δ = 0,1 %",salidas,Raia_CancerResearch2011,True,1.0,True,True,True,True,0.046647429779931526,0.046647429779931526,"scaling_SOCS3mRNA, init_Rec_i","scaling_SOCS3mRNA, init_Rec_i"
"δ = 0,1 %",salidas,SalazarCavazos_MBoC2020,True,1.0,True,True,True,True,0.18706001871564362,0.18706001871564362,"ratio_kpkd_Y1068__FREE, ratio_kpkd_YN__FREE","ratio_kpkd_Y1068__FREE, ratio_kpkd_YN__FREE"
"δ = 0,1 %",salidas,Schwen_PONE2014,True,1.0,True,True,True,True,0.3318157279121295,0.3318157279121295,"scale, ini_R1, ini_R2fold, kon_unspec","scale, ini_R1, ini_R2fold, kon_unspec"
"δ = 0,1 %",salidas,Smith_BMCSystBiol2013,True,1.0,True,True,True,True,0.34414976153948296,0.34414976153948296,"sc_GLUT_3B_240, sc_GLUT_3B_120, sc_PI3K","sc_GLUT_3B_240, sc_GLUT_3B_120, sc_PI3K"
"δ = 0,1 %",salidas,Sneyd_PNAS2002,True,1.0,True,True,True,True,0.3811614798614992,0.3811614798614992,"l4, l2","l4, l2"
"δ = 0,1 %",salidas,Weber_BMC2015,True,1.0,True,True,True,True,0.34276198571464317,0.34276198571464317,"s12, a21","s12, a21"
"δ = 0,1 %",salidas,Zhao_QuantBiol2020,True,1.0,True,True,True,True,0.29556294456557947,0.29556294456557947,"R_Stage_I_China, R_Stage_II_Wuhan, gamma_1_Stage_I_Hubei","R_Stage_I_China, R_Stage_II_Wuhan, gamma_1_Stage_I_Hubei"
"δ = 0,1 %",salidas,Zheng_PNAS2012,True,1.0,True,True,True,True,0.300354127020543,0.300354127020543,"k01_02, k13_12","k01_02, k13_12"
δ = 5 %,salidas,Armistead_CellDeathDis2024,True,1.0,True,True,True,True,0.05740767507099321,0.05740767507099321,"k_d, k00, k2, alpha_cer","k_d, k00, k2, alpha_cer"
δ = 5 %,salidas,Blasi_CellSystems2016,True,1.0,True,True,True,True,0.19792144351844154,0.19792144351844154,"a_basal, a_k16_k12k16, a_k12k16_k8k12k16, a_k5k12_k5k8k12, a_k8k12k16_4ac","a_basal, a_k16_k12k16, a_k12k16_k8k12k16, a_k5k12_k5k8k12, a_k8k12k16_4ac"
δ = 5 %,salidas,Boehm_JProteomeRes2014,True,1.0,True,True,True,True,0.0935348340647396,0.0935348340647396,"k_imp_hetero, k_phos","k_imp_hetero, k_phos"
δ = 5 %,salidas,Borghans_BiophysChem1997,True,1.0,True,True,True,True,0.1627423546553349,0.1627423546553349,"Kz, K_par","Kz, K_par"
δ = 5 %,salidas,Crauste_CellSystems2017,True,1.0,True,True,False,False,0.9516930384478459,0.9516930384478459,rho_E,rho_E
δ = 5 %,salidas,Elowitz_Nature2000,True,1.0,True,True,True,True,0.05206074154163219,0.05206074154163219,"n_Hill, tau_mRNA, tau_prot, scale, tau_prot_GFP, eff","n_Hill, tau_mRNA, tau_prot, scale, tau_prot_GFP, eff"
δ = 5 %,salidas,Fiedler_BMCSystBiol2016,True,1.0,True,True,True,True,0.3843282273863871,0.3843282273863871,"tau2, s_pMek_20140505_gel2, s_pMek_20140430_gel2, k6, k3","tau2, s_pMek_20140505_gel2, s_pMek_20140430_gel2, k6, k3"
δ = 5 %,salidas,Giordano_Nature2020,True,1.0,True,True,True,True,0.05750445056487047,0.05750445056487047,"alpha_4, alpha_28","alpha_4, alpha_28"
δ = 5 %,salidas,Okuonghae_ChaosSolitonsFractals2020,True,1.0,True,True,True,True,0.04108488716445427,0.04108488716445427,"transmission_rate_effective, gamma_i","transmission_rate_effective, gamma_i"
δ = 5 %,salidas,Raia_CancerResearch2011,True,1.0,True,True,True,True,0.046647429779931526,0.046647429779931526,"scaling_SOCS3mRNA, init_Rec_i","scaling_SOCS3mRNA, init_Rec_i"
δ = 5 %,salidas,SalazarCavazos_MBoC2020,True,1.0,True,True,True,True,0.18706001871564362,0.18706001871564362,"ratio_kpkd_Y1068__FREE, ratio_kpkd_YN__FREE","ratio_kpkd_Y1068__FREE, ratio_kpkd_YN__FREE"
δ = 5 %,salidas,Sneyd_PNAS2002,True,1.0,True,True,True,True,0.3811614798614992,0.3811614798614992,"l4, l2","l4, l2"
δ = 5 %,salidas,Weber_BMC2015,True,1.0,True,True,True,True,0.34276198571464317,0.34276198571464317,"s12, a21","s12, a21"
δ = 5 %,salidas,Zhao_QuantBiol2020,True,1.0,True,True,True,True,0.29556294456557947,0.29556294456557947,"R_Stage_I_China, R_Stage_II_Wuhan, gamma_1_Stage_I_Hubei","R_Stage_I_China, R_Stage_II_Wuhan, gamma_1_Stage_I_Hubei"
δ = 5 %,salidas,Zheng_PNAS2012,True,1.0,True,True,True,True,0.300354127020543,0.300354127020543,"k01_02, k13_12","k01_02, k13_12"
tolerancias 1e-9 / 1e-12,salidas,Armistead_CellDeathDis2024,True,1.0,True,True,True,True,0.05740767507099321,0.05740767873059107,"k_d, k00, k2, alpha_cer","k_d, k00, k2, alpha_cer"
tolerancias 1e-9 / 1e-12,salidas,Bertozzi_PNAS2020,True,1.0,True,True,True,True,0.3291003004368945,0.3291020306596564,"R0_NY, I0_NY","R0_NY, I0_NY"
tolerancias 1e-9 / 1e-12,salidas,Blasi_CellSystems2016,True,1.0,True,True,True,True,0.19792144351844154,0.19792144843930298,"a_basal, a_k16_k12k16, a_k12k16_k8k12k16, a_k5k12_k5k8k12, a_k8k12k16_4ac","a_basal, a_k16_k12k16, a_k12k16_k8k12k16, a_k5k12_k5k8k12, a_k8k12k16_4ac"
tolerancias 1e-9 / 1e-12,salidas,Boehm_JProteomeRes2014,True,1.0,True,True,True,True,0.0935348340647396,0.09353592088698265,"k_imp_hetero, k_phos","k_imp_hetero, k_phos"
tolerancias 1e-9 / 1e-12,salidas,Borghans_BiophysChem1997,True,1.0,True,True,True,True,0.1627423546553349,0.1627462727755412,"Kz, K_par","Kz, K_par"
tolerancias 1e-9 / 1e-12,salidas,Brannmark_JBC2010,True,1.0,True,True,True,True,0.22207654866275284,0.2220791154515683,"k_IRP_1Step, k1f","k_IRP_1Step, k1f"
tolerancias 1e-9 / 1e-12,salidas,Bruno_JExpBot2016,True,1.0,True,True,True,True,0.2727516683939247,0.27275194364953337,"kb1, init_bcar2, init_zea_1, init_bcar1, szea, init_bcry_1, init_b10_1","kb1, init_bcar2, init_zea_1, init_bcar1, szea, init_bcry_1, init_b10_1"
tolerancias 1e-9 / 1e-12,salidas,Crauste_CellSystems2017,True,1.0,True,True,False,False,0.9516930384478459,0.9236556533002673,rho_E,rho_E
tolerancias 1e-9 / 1e-12,salidas,Elowitz_Nature2000,False,0.7142857142857143,True,True,True,True,0.05206074154163219,0.05255191866041399,"n_Hill, tau_mRNA, tau_prot, scale, tau_prot_GFP, eff","n_Hill, tau_mRNA, tau_prot, scale, tau_prot_GFP, KM"
tolerancias 1e-9 / 1e-12,salidas,Fiedler_BMCSystBiol2016,True,1.0,True,True,True,True,0.3843282273863871,0.38432753703776334,"tau2, s_pMek_20140505_gel2, s_pMek_20140430_gel2, k6, k3","tau2, s_pMek_20140505_gel2, s_pMek_20140430_gel2, k6, k3"
tolerancias 1e-9 / 1e-12,salidas,Fujita_SciSignal2010,True,1.0,True,True,True,True,0.3254071383747658,0.3254107880501052,"init_AKT, scaling_pS6_tot","init_AKT, scaling_pS6_tot"
tolerancias 1e-9 / 1e-12,salidas,Giordano_Nature2020,True,1.0,True,True,True,True,0.05750445056487047,0.057503534717346254,"alpha_4, alpha_28","alpha_4, alpha_28"
tolerancias 1e-9 / 1e-12,salidas,Laske_PLOSComputBiol2019,True,1.0,True,True,True,True,0.15756225697796017,0.1575624241787851,"Int_nuc_off, k_imp","Int_nuc_off, k_imp"
tolerancias 1e-9 / 1e-12,salidas,Liu_IFACPapersOnLine2025,True,1.0,True,True,True,True,0.26130212510265444,0.26128022582526395,"kappa, phi","kappa, phi"
tolerancias 1e-9 / 1e-12,salidas,Okuonghae_ChaosSolitonsFractals2020,True,1.0,True,True,True,True,0.04108488716445427,0.04108496748479314,"transmission_rate_effective, gamma_i","transmission_rate_effective, gamma_i"
tolerancias 1e-9 / 1e-12,salidas,Oliveira_NatCommun2021,True,1.0,True,True,True,True,0.12919974411347482,0.12919172374955648,"beta_0, h_hosp_rate","beta_0, h_hosp_rate"
tolerancias 1e-9 / 1e-12,salidas,Perelson_Science1996,True,1.0,True,True,True,True,0.0,0.0,"c, delta","c, delta"
tolerancias 1e-9 / 1e-12,salidas,Rahman_MBS2016,True,1.0,True,True,True,True,0.03710102189562674,0.03709452974077488,"infected_moderate_transmission_rate, infected_normal_worsen_rate","infected_moderate_transmission_rate, infected_normal_worsen_rate"
tolerancias 1e-9 / 1e-12,salidas,Raia_CancerResearch2011,True,1.0,True,True,True,True,0.046647429779931526,0.04664755609340866,"scaling_SOCS3mRNA, init_Rec_i","scaling_SOCS3mRNA, init_Rec_i"
tolerancias 1e-9 / 1e-12,salidas,SalazarCavazos_MBoC2020,True,1.0,True,True,True,True,0.18706001871564362,0.1870598572708971,"ratio_kpkd_Y1068__FREE, ratio_kpkd_YN__FREE","ratio_kpkd_Y1068__FREE, ratio_kpkd_YN__FREE"
tolerancias 1e-9 / 1e-12,salidas,Schwen_PONE2014,True,1.0,True,True,True,True,0.3318157279121295,0.33181574613961184,"scale, ini_R1, ini_R2fold, kon_unspec","scale, ini_R1, ini_R2fold, kon_unspec"
tolerancias 1e-9 / 1e-12,salidas,Smith_BMCSystBiol2013,True,1.0,True,True,True,True,0.34414976153948296,0.34414942189820397,"sc_GLUT_3B_240, sc_GLUT_3B_120, sc_PI3K","sc_GLUT_3B_240, sc_GLUT_3B_120, sc_PI3K"
tolerancias 1e-9 / 1e-12,salidas,Sneyd_PNAS2002,True,1.0,True,True,True,True,0.3811614798614992,0.38116283138332646,"l4, l2","l4, l2"
tolerancias 1e-9 / 1e-12,salidas,Weber_BMC2015,True,1.0,True,True,True,True,0.34276198571464317,0.34276189509116783,"s12, a21","s12, a21"
tolerancias 1e-9 / 1e-12,salidas,Zhao_QuantBiol2020,True,1.0,True,True,True,True,0.29556294456557947,0.2955636755348735,"R_Stage_I_China, R_Stage_II_Wuhan, gamma_1_Stage_I_Hubei","R_Stage_I_China, R_Stage_II_Wuhan, gamma_1_Stage_I_Hubei"
tolerancias 1e-9 / 1e-12,salidas,Zheng_PNAS2012,True,1.0,True,True,True,True,0.300354127020543,0.3003541263718699,"k01_02, k13_12","k01_02, k13_12"
tolerancias 1e-6 / 1e-8,salidas,Armistead_CellDeathDis2024,True,1.0,True,True,True,True,0.05740767507099321,0.05740787698877443,"k_d, k00, k2, alpha_cer","k_d, k00, k2, alpha_cer"
tolerancias 1e-6 / 1e-8,salidas,Bertozzi_PNAS2020,True,1.0,True,True,True,True,0.3291003004368945,0.329110251014036,"R0_NY, I0_NY","R0_NY, I0_NY"
tolerancias 1e-6 / 1e-8,salidas,Blasi_CellSystems2016,True,1.0,True,True,True,True,0.19792144351844154,0.19791795962666806,"a_basal, a_k16_k12k16, a_k12k16_k8k12k16, a_k5k12_k5k8k12, a_k8k12k16_4ac","a_basal, a_k16_k12k16, a_k12k16_k8k12k16, a_k5k12_k5k8k12, a_k8k12k16_4ac"
tolerancias 1e-6 / 1e-8,salidas,Boehm_JProteomeRes2014,True,1.0,True,True,True,True,0.0935348340647396,0.09353701905353841,"k_imp_hetero, k_phos","k_imp_hetero, k_phos"
tolerancias 1e-6 / 1e-8,salidas,Borghans_BiophysChem1997,True,1.0,True,True,True,True,0.1627423546553349,0.16271671568052853,"Kz, K_par","Kz, K_par"
tolerancias 1e-6 / 1e-8,salidas,Brannmark_JBC2010,True,1.0,True,True,True,True,0.22207654866275284,0.2220678864725681,"k_IRP_1Step, k1f","k_IRP_1Step, k1f"
tolerancias 1e-6 / 1e-8,salidas,Bruno_JExpBot2016,True,1.0,True,True,True,True,0.2727516683939247,0.27275072526274935,"kb1, init_bcar2, init_zea_1, init_bcar1, szea, init_bcry_1, init_b10_1","kb1, init_bcar2, init_zea_1, init_bcar1, szea, init_bcry_1, init_b10_1"
tolerancias 1e-6 / 1e-8,salidas,Crauste_CellSystems2017,True,1.0,True,True,False,False,0.9516930384478459,0.9795845575272147,rho_E,rho_E
tolerancias 1e-6 / 1e-8,salidas,Elowitz_Nature2000,True,1.0,True,True,True,True,0.05206074154163219,0.05200538343670515,"n_Hill, tau_mRNA, tau_prot, scale, tau_prot_GFP, eff","n_Hill, tau_mRNA, tau_prot, scale, tau_prot_GFP, eff"
tolerancias 1e-6 / 1e-8,salidas,Fiedler_BMCSystBiol2016,True,1.0,True,True,True,True,0.3843282273863871,0.3843250148495229,"tau2, s_pMek_20140505_gel2, s_pMek_20140430_gel2, k6, k3","tau2, s_pMek_20140505_gel2, s_pMek_20140430_gel2, k6, k3"
tolerancias 1e-6 / 1e-8,salidas,Fujita_SciSignal2010,True,1.0,True,True,True,True,0.3254071383747658,0.3254381531871033,"init_AKT, scaling_pS6_tot","init_AKT, scaling_pS6_tot"
tolerancias 1e-6 / 1e-8,salidas,Giordano_Nature2020,True,1.0,True,True,True,True,0.05750445056487047,0.05748971996555235,"alpha_4, alpha_28","alpha_4, alpha_28"
tolerancias 1e-6 / 1e-8,salidas,Laske_PLOSComputBiol2019,True,1.0,True,True,True,True,0.15756225697796017,0.15755783133627982,"Int_nuc_off, k_imp","Int_nuc_off, k_imp"
tolerancias 1e-6 / 1e-8,salidas,Liu_IFACPapersOnLine2025,True,1.0,True,True,True,True,0.26130212510265444,0.26128939268536344,"kappa, phi","kappa, phi"
tolerancias 1e-6 / 1e-8,salidas,Okuonghae_ChaosSolitonsFractals2020,True,1.0,True,True,True,True,0.04108488716445427,0.041085199403367134,"transmission_rate_effective, gamma_i","transmission_rate_effective, gamma_i"
tolerancias 1e-6 / 1e-8,salidas,Oliveira_NatCommun2021,True,1.0,True,True,True,True,0.12919974411347482,0.1288600201787955,"beta_0, h_hosp_rate","beta_0, h_hosp_rate"
tolerancias 1e-6 / 1e-8,salidas,Perelson_Science1996,True,1.0,True,True,True,True,0.0,0.0,"c, delta","c, delta"
tolerancias 1e-6 / 1e-8,salidas,Rahman_MBS2016,True,1.0,True,True,True,True,0.03710102189562674,0.037112430788591375,"infected_moderate_transmission_rate, infected_normal_worsen_rate","infected_moderate_transmission_rate, infected_normal_worsen_rate"
tolerancias 1e-6 / 1e-8,salidas,Raia_CancerResearch2011,True,1.0,True,True,True,True,0.046647429779931526,0.04664507567680272,"scaling_SOCS3mRNA, init_Rec_i","scaling_SOCS3mRNA, init_Rec_i"
tolerancias 1e-6 / 1e-8,salidas,SalazarCavazos_MBoC2020,True,1.0,True,True,True,True,0.18706001871564362,0.18706136698291057,"ratio_kpkd_Y1068__FREE, ratio_kpkd_YN__FREE","ratio_kpkd_Y1068__FREE, ratio_kpkd_YN__FREE"
tolerancias 1e-6 / 1e-8,salidas,Schwen_PONE2014,True,1.0,True,True,True,True,0.3318157279121295,0.3318156220394195,"scale, ini_R1, ini_R2fold, kon_unspec","scale, ini_R1, ini_R2fold, kon_unspec"
tolerancias 1e-6 / 1e-8,salidas,Smith_BMCSystBiol2013,True,1.0,True,True,True,True,0.34414976153948296,0.3441450390523067,"sc_GLUT_3B_240, sc_GLUT_3B_120, sc_PI3K","sc_GLUT_3B_240, sc_GLUT_3B_120, sc_PI3K"
tolerancias 1e-6 / 1e-8,salidas,Sneyd_PNAS2002,True,1.0,True,True,True,True,0.3811614798614992,0.3811514816577898,"l4, l2","l4, l2"
tolerancias 1e-6 / 1e-8,salidas,Weber_BMC2015,True,1.0,True,True,True,True,0.34276198571464317,0.342765296102277,"s12, a21","s12, a21"
tolerancias 1e-6 / 1e-8,salidas,Zhao_QuantBiol2020,True,1.0,True,True,True,True,0.29556294456557947,0.29558412410638296,"R_Stage_I_China, R_Stage_II_Wuhan, gamma_1_Stage_I_Hubei","R_Stage_I_China, R_Stage_II_Wuhan, gamma_1_Stage_I_Hubei"
tolerancias 1e-6 / 1e-8,salidas,Zheng_PNAS2012,True,1.0,True,True,True,True,0.300354127020543,0.3003541089497732,"k01_02, k13_12","k01_02, k13_12"
perturbación ±1 %,salidas,Armistead_CellDeathDis2024,True,1.0,True,True,True,True,0.05740767507099321,0.020948128030653684,"k_d, k00, k2, alpha_cer","k_d, k00, k2, alpha_cer"
perturbación ±1 %,salidas,Bertozzi_PNAS2020,True,1.0,True,True,True,True,0.3291003004368945,0.306268478944884,"R0_NY, I0_NY","R0_NY, I0_NY"
perturbación ±1 %,salidas,Blasi_CellSystems2016,True,1.0,True,True,True,True,0.19792144351844154,0.19665960763512802,"a_basal, a_k16_k12k16, a_k12k16_k8k12k16, a_k5k12_k5k8k12, a_k8k12k16_4ac","a_basal, a_k16_k12k16, a_k12k16_k8k12k16, a_k5k12_k5k8k12, a_k8k12k16_4ac"
perturbación ±1 %,salidas,Boehm_JProteomeRes2014,True,1.0,True,True,True,True,0.0935348340647396,0.09613062741992065,"k_imp_hetero, k_phos","k_imp_hetero, k_phos"
perturbación ±1 %,salidas,Borghans_BiophysChem1997,True,1.0,True,True,True,True,0.1627423546553349,0.20535089595390577,"Kz, K_par","Kz, K_par"
perturbación ±1 %,salidas,Brannmark_JBC2010,True,1.0,True,True,True,True,0.22207654866275284,0.22133989480532457,"k_IRP_1Step, k1f","k_IRP_1Step, k1f"
perturbación ±1 %,salidas,Bruno_JExpBot2016,True,1.0,True,True,True,True,0.2727516683939247,0.2688901114100439,"kb1, init_bcar2, init_zea_1, init_bcar1, szea, init_bcry_1, init_b10_1","kb1, init_bcar2, init_zea_1, init_bcar1, szea, init_bcry_1, init_b10_1"
perturbación ±1 %,salidas,Crauste_CellSystems2017,True,1.0,True,True,False,False,0.9516930384478459,0.742409535527669,rho_E,rho_E
perturbación ±1 %,salidas,Elowitz_Nature2000,True,1.0,True,True,True,True,0.05206074154163219,0.0471823358269806,"n_Hill, tau_mRNA, tau_prot, scale, tau_prot_GFP, eff","n_Hill, tau_mRNA, tau_prot, scale, tau_prot_GFP, eff"
perturbación ±1 %,salidas,Fiedler_BMCSystBiol2016,True,1.0,True,True,True,True,0.3843282273863871,0.3751558481745698,"tau2, s_pMek_20140505_gel2, s_pMek_20140430_gel2, k6, k3","tau2, s_pMek_20140505_gel2, s_pMek_20140430_gel2, k6, k3"
perturbación ±1 %,salidas,Fujita_SciSignal2010,True,1.0,True,True,True,True,0.3254071383747658,0.32944151825605,"init_AKT, scaling_pS6_tot","init_AKT, scaling_pS6_tot"
perturbación ±1 %,salidas,Giordano_Nature2020,True,1.0,True,True,True,True,0.05750445056487047,0.06008546236331167,"alpha_4, alpha_28","alpha_4, alpha_28"
perturbación ±1 %,salidas,Laske_PLOSComputBiol2019,True,1.0,True,True,True,True,0.15756225697796017,0.15627864036872968,"Int_nuc_off, k_imp","Int_nuc_off, k_imp"
perturbación ±1 %,salidas,Liu_IFACPapersOnLine2025,True,1.0,True,True,True,True,0.26130212510265444,0.26008849085452207,"kappa, phi","kappa, phi"
perturbación ±1 %,salidas,Okuonghae_ChaosSolitonsFractals2020,True,1.0,True,True,True,True,0.04108488716445427,0.04003188245750068,"transmission_rate_effective, gamma_i","transmission_rate_effective, gamma_i"
perturbación ±1 %,salidas,Oliveira_NatCommun2021,True,1.0,True,True,True,True,0.12919974411347482,0.1299147827056983,"beta_0, h_hosp_rate","beta_0, h_hosp_rate"
perturbación ±1 %,salidas,Perelson_Science1996,True,1.0,False,False,True,False,0.0,,"c, delta","c, delta"
perturbación ±1 %,salidas,Rahman_MBS2016,True,1.0,True,True,True,True,0.03710102189562674,0.027982482318960597,"infected_moderate_transmission_rate, infected_normal_worsen_rate","infected_moderate_transmission_rate, infected_normal_worsen_rate"
perturbación ±1 %,salidas,Raia_CancerResearch2011,True,1.0,True,True,True,True,0.046647429779931526,0.04799296059351688,"scaling_SOCS3mRNA, init_Rec_i","scaling_SOCS3mRNA, init_Rec_i"
perturbación ±1 %,salidas,SalazarCavazos_MBoC2020,True,1.0,True,True,True,True,0.18706001871564362,0.18697115691005903,"ratio_kpkd_Y1068__FREE, ratio_kpkd_YN__FREE","ratio_kpkd_Y1068__FREE, ratio_kpkd_YN__FREE"
perturbación ±1 %,salidas,Schwen_PONE2014,True,1.0,True,True,True,True,0.3318157279121295,0.3373518978403116,"scale, ini_R1, ini_R2fold, kon_unspec","scale, ini_R1, ini_R2fold, kon_unspec"
perturbación ±1 %,salidas,Smith_BMCSystBiol2013,True,1.0,True,True,True,True,0.34414976153948296,0.3426565008477169,"sc_GLUT_3B_240, sc_GLUT_3B_120, sc_PI3K","sc_GLUT_3B_240, sc_GLUT_3B_120, sc_PI3K"
perturbación ±1 %,salidas,Sneyd_PNAS2002,True,1.0,True,True,True,True,0.3811614798614992,0.4078349928429365,"l4, l2","l4, l2"
perturbación ±1 %,salidas,Weber_BMC2015,True,1.0,True,True,True,True,0.34276198571464317,0.3485738788343073,"s12, a21","s12, a21"
perturbación ±1 %,salidas,Zhao_QuantBiol2020,True,1.0,True,True,True,True,0.29556294456557947,0.26934337678906467,"R_Stage_I_China, R_Stage_II_Wuhan, gamma_1_Stage_I_Hubei","R_Stage_I_China, R_Stage_II_Wuhan, gamma_1_Stage_I_Hubei"
perturbación ±1 %,salidas,Zheng_PNAS2012,True,1.0,True,True,True,True,0.300354127020543,0.29516157646408137,"k01_02, k13_12","k01_02, k13_12"
perturbación ±10 %,salidas,Armistead_CellDeathDis2024,True,1.0,True,True,True,True,0.05740767507099321,0.057358372154922274,"k_d, k00, k2, alpha_cer","k_d, k00, k2, alpha_cer"
perturbación ±10 %,salidas,Blasi_CellSystems2016,True,1.0,True,True,True,True,0.19792144351844154,0.194313598261967,"a_basal, a_k16_k12k16, a_k12k16_k8k12k16, a_k5k12_k5k8k12, a_k8k12k16_4ac","a_basal, a_k16_k12k16, a_k12k16_k8k12k16, a_k5k12_k5k8k12, a_k8k12k16_4ac"
perturbación ±10 %,salidas,Boehm_JProteomeRes2014,True,1.0,True,True,True,True,0.0935348340647396,0.09204838092449798,"k_imp_hetero, k_phos","k_imp_hetero, k_phos"
perturbación ±10 %,salidas,Borghans_BiophysChem1997,True,1.0,True,True,True,True,0.1627423546553349,0.34148824789584076,"Kz, K_par","Kz, K_par"
perturbación ±10 %,salidas,Crauste_CellSystems2017,True,1.0,True,True,False,False,0.9516930384478459,0.977360792399733,rho_E,rho_E
perturbación ±10 %,salidas,Elowitz_Nature2000,True,1.0,True,True,True,True,0.05206074154163219,0.05336433856483193,"n_Hill, tau_mRNA, tau_prot, scale, tau_prot_GFP, eff","n_Hill, tau_mRNA, tau_prot, scale, tau_prot_GFP, eff"
perturbación ±10 %,salidas,Fiedler_BMCSystBiol2016,True,1.0,True,True,True,True,0.3843282273863871,0.3982270614646638,"tau2, s_pMek_20140505_gel2, s_pMek_20140430_gel2, k6, k3","tau2, s_pMek_20140505_gel2, s_pMek_20140430_gel2, k6, k3"
perturbación ±10 %,salidas,Giordano_Nature2020,True,1.0,True,True,True,True,0.05750445056487047,0.054314659273618324,"alpha_4, alpha_28","alpha_4, alpha_28"
perturbación ±10 %,salidas,Okuonghae_ChaosSolitonsFractals2020,True,1.0,True,True,True,True,0.04108488716445427,0.042305969413952614,"transmission_rate_effective, gamma_i","transmission_rate_effective, gamma_i"
perturbación ±10 %,salidas,Raia_CancerResearch2011,True,1.0,True,True,True,True,0.046647429779931526,0.04493853612297143,"scaling_SOCS3mRNA, init_Rec_i","scaling_SOCS3mRNA, init_Rec_i"
perturbación ±10 %,salidas,SalazarCavazos_MBoC2020,True,1.0,True,True,True,True,0.18706001871564362,0.1873263239956304,"ratio_kpkd_Y1068__FREE, ratio_kpkd_YN__FREE","ratio_kpkd_Y1068__FREE, ratio_kpkd_YN__FREE"
perturbación ±10 %,salidas,Sneyd_PNAS2002,True,1.0,True,True,True,True,0.3811614798614992,0.34281530936941423,"l4, l2","l4, l2"
perturbación ±10 %,salidas,Weber_BMC2015,True,1.0,True,True,True,True,0.34276198571464317,0.3355124109108641,"s12, a21","s12, a21"
perturbación ±10 %,salidas,Zhao_QuantBiol2020,True,1.0,True,True,True,True,0.29556294456557947,0.331014137336188,"R_Stage_I_China, R_Stage_II_Wuhan, gamma_1_Stage_I_Hubei","R_Stage_I_China, R_Stage_II_Wuhan, gamma_1_Stage_I_Hubei"
perturbación ±10 %,salidas,Zheng_PNAS2012,True,1.0,True,True,True,True,0.300354127020543,0.29878818679195335,"k01_02, k13_12","k01_02, k13_12"
malla de 30 puntos,estados,Armistead_CellDeathDis2024,True,1.0,True,True,True,True,0.01978096693872151,0.005977809356745972,"k_d, k00","k_d, k00"
malla de 30 puntos,estados,Blasi_CellSystems2016,True,1.0,True,True,True,True,0.13280882967403287,0.13283464485927016,"a_basal, a_k5_k5k12","a_basal, a_k5_k5k12"
malla de 30 puntos,estados,Boehm_JProteomeRes2014,True,1.0,True,True,True,True,0.06964065941165877,0.07018841359123171,"k_phos, k_imp_hetero, k_exp_homo","k_phos, k_imp_hetero, k_exp_homo"
malla de 30 puntos,estados,Borghans_BiophysChem1997,True,1.0,True,True,True,True,0.04389390850627015,0.05186119221163934,"Kz, Vm2","Kz, Vm2"
malla de 30 puntos,estados,Brannmark_JBC2010,True,1.0,True,True,True,True,0.10381429529786369,0.09444266167288684,"k1a, k1c, k21","k1a, k1c, k21"
malla de 30 puntos,estados,Crauste_CellSystems2017,True,1.0,True,True,True,True,0.005895630835554347,0.005972791082358679,"mu_N, delta_NE","mu_N, delta_NE"
malla de 30 puntos,estados,Elowitz_Nature2000,True,1.0,True,True,True,True,0.016203694283129344,0.016217143187772707,"tau_prot, tau_mRNA","tau_prot, tau_mRNA"
malla de 30 puntos,estados,Fiedler_BMCSystBiol2016,False,0.3333333333333333,True,True,True,True,0.14978860516605397,0.07089360458813476,"tau2, k4","k2, tau2"
malla de 30 puntos,estados,Giordano_Nature2020,True,1.0,True,True,True,True,0.0963278089274286,0.09534864797882259,"alpha_4, alpha_28","alpha_4, alpha_28"
malla de 30 puntos,estados,Okuonghae_ChaosSolitonsFractals2020,True,1.0,True,True,True,True,0.34810680373129327,0.3455851114773706,"transmission_rate_effective, gamma_0","transmission_rate_effective, gamma_0"
malla de 30 puntos,estados,Rahman_MBS2016,True,1.0,True,True,True,True,0.06119372434439263,0.06099332783015296,"infected_moderate_transmission_rate, infected_moderate_worsen_rate","infected_moderate_transmission_rate, infected_moderate_worsen_rate"
malla de 30 puntos,estados,Raia_CancerResearch2011,True,1.0,True,True,False,False,0.009699173192004253,0.00962292245933946,Rec_recycle,Rec_recycle
malla de 30 puntos,estados,SalazarCavazos_MBoC2020,False,0.6666666666666666,True,True,False,False,,,"ratio_kpkd_Y1068__FREE, ratio_kpkd_YN__FREE","ratio_kpkd_Y1068__FREE, ratio_kpkd_YN__FREE, kdephosYN__FREE"
malla de 30 puntos,estados,Smith_BMCSystBiol2013,True,1.0,True,True,True,True,0.14351056005008664,0.13870613203316384,"k30f, kminus7b","k30f, kminus7b"
malla de 30 puntos,estados,Sneyd_PNAS2002,True,1.0,True,True,True,True,1.203963116242959e-10,9.63596171352074e-05,"k1, l_2","k1, l_2"
malla de 30 puntos,estados,Weber_BMC2015,True,1.0,True,True,True,True,0.04171179691370397,0.04133119897591663,"s31, p31","s31, p31"
malla de 30 puntos,estados,Zhao_QuantBiol2020,True,1.0,True,True,True,True,0.11615614922364893,0.11603237839427517,"R_Stage_I_Wuhan, gamma_2_Stage_I_Wuhan","R_Stage_I_Wuhan, gamma_2_Stage_I_Wuhan"
malla de 30 puntos,estados,Zheng_PNAS2012,True,1.0,True,True,True,True,0.3050993999100434,0.3043449894862444,"k13_12, k13_03, k12_22","k13_12, k13_03, k12_22"
malla de 120 puntos,estados,Armistead_CellDeathDis2024,False,0.6666666666666666,True,True,True,True,0.01978096693872151,0.00012726181167879683,"k_d, k00","k_d, k00, k4"
malla de 120 puntos,estados,Blasi_CellSystems2016,True,1.0,True,True,True,True,0.13280882967403287,0.13280415466617707,"a_basal, a_k5_k5k12","a_basal, a_k5_k5k12"
malla de 120 puntos,estados,Boehm_JProteomeRes2014,True,1.0,True,True,True,True,0.06964065941165877,0.06936321360221896,"k_phos, k_imp_hetero, k_exp_homo","k_phos, k_imp_hetero, k_exp_homo"
malla de 120 puntos,estados,Borghans_BiophysChem1997,True,1.0,True,True,True,True,0.04389390850627015,0.05287393978980933,"Kz, Vm2","Kz, Vm2"
malla de 120 puntos,estados,Brannmark_JBC2010,True,1.0,True,True,True,True,0.10381429529786369,0.10324428699292577,"k1a, k1c, k21","k1a, k1c, k21"
malla de 120 puntos,estados,Crauste_CellSystems2017,True,1.0,True,True,True,True,0.005895630835554347,0.00585752157081152,"mu_N, delta_NE","mu_N, delta_NE"
malla de 120 puntos,estados,Elowitz_Nature2000,True,1.0,True,True,True,True,0.016203694283129344,0.016197076278492133,"tau_prot, tau_mRNA","tau_prot, tau_mRNA"
malla de 120 puntos,estados,Fiedler_BMCSystBiol2016,False,0.3333333333333333,True,True,True,True,0.14978860516605397,0.23404856477815617,"tau2, k4","tau2, k3"
malla de 120 puntos,estados,Giordano_Nature2020,True,1.0,True,True,True,True,0.0963278089274286,0.09659614922885428,"alpha_4, alpha_28","alpha_4, alpha_28"
malla de 120 puntos,estados,Okuonghae_ChaosSolitonsFractals2020,True,1.0,True,True,True,True,0.34810680373129327,0.3493469660717672,"transmission_rate_effective, gamma_0","transmission_rate_effective, gamma_0"
malla de 120 puntos,estados,Rahman_MBS2016,True,1.0,True,True,True,True,0.06119372434439263,0.06129254406267937,"infected_moderate_transmission_rate, infected_moderate_worsen_rate","infected_moderate_transmission_rate, infected_moderate_worsen_rate"
malla de 120 puntos,estados,Raia_CancerResearch2011,True,1.0,True,True,False,False,0.009699173192004253,0.009720324171744092,Rec_recycle,Rec_recycle
malla de 120 puntos,estados,SalazarCavazos_MBoC2020,False,0.3333333333333333,True,True,False,False,,,"ratio_kpkd_Y1068__FREE, ratio_kpkd_YN__FREE","ratio_kpkd_Y1068__FREE, kdephosYN__FREE"
malla de 120 puntos,estados,Smith_BMCSystBiol2013,True,1.0,True,True,True,True,0.14351056005008664,0.14413949213086924,"k30f, kminus7b","k30f, kminus7b"
malla de 120 puntos,estados,Sneyd_PNAS2002,False,0.3333333333333333,True,True,True,True,1.203963116242959e-10,6.856586461260006e-10,"k1, l_2","k_2, l_2"
malla de 120 puntos,estados,Weber_BMC2015,True,1.0,True,True,True,True,0.04171179691370397,0.041823364250990154,"s31, p31","s31, p31"
malla de 120 puntos,estados,Zhao_QuantBiol2020,True,1.0,True,True,True,True,0.11615614922364893,0.11621670900223696,"R_Stage_I_Wuhan, gamma_2_Stage_I_Wuhan","R_Stage_I_Wuhan, gamma_2_Stage_I_Wuhan"
malla de 120 puntos,estados,Zheng_PNAS2012,True,1.0,True,True,True,True,0.3050993999100434,0.30546088386323383,"k13_12, k13_03, k12_22","k13_12, k13_03, k12_22"
horizonte 2T,estados,Armistead_CellDeathDis2024,True,1.0,True,True,True,True,0.01978096693872151,0.004389670014546138,"k_d, k00","k_d, k00"
horizonte 2T,estados,Blasi_CellSystems2016,True,1.0,True,True,True,True,0.13280882967403287,0.13291147626337355,"a_basal, a_k5_k5k12","a_basal, a_k5_k5k12"
horizonte 2T,estados,Boehm_JProteomeRes2014,False,0.75,True,True,True,True,0.06964065941165877,0.0001242294362550238,"k_phos, k_imp_hetero, k_exp_homo","k_imp_hetero, k_exp_homo, k_phos, Epo_degradation_BaF3"
horizonte 2T,estados,Borghans_BiophysChem1997,True,1.0,True,True,True,True,0.04389390850627015,0.03780089376654173,"Kz, Vm2","Kz, Vm2"
horizonte 2T,estados,Brannmark_JBC2010,False,0.5,True,True,True,True,0.10381429529786369,0.34564867735607624,"k1a, k1c, k21","k1a, k1c, k1r"
horizonte 2T,estados,Crauste_CellSystems2017,True,1.0,True,True,True,True,0.005895630835554347,0.01849445441902362,"mu_N, delta_NE","mu_N, delta_NE"
horizonte 2T,estados,Elowitz_Nature2000,True,1.0,True,True,True,True,0.016203694283129344,0.017658715536010745,"tau_prot, tau_mRNA","tau_prot, tau_mRNA"
horizonte 2T,estados,Fiedler_BMCSystBiol2016,False,0.3333333333333333,True,True,True,True,0.14978860516605397,0.055367588783397904,"tau2, k4","k4, k10"
horizonte 2T,estados,Giordano_Nature2020,False,0.3333333333333333,True,True,True,True,0.0963278089274286,0.0715915404620766,"alpha_4, alpha_28","alpha_4, epsilon_38"
horizonte 2T,estados,Okuonghae_ChaosSolitonsFractals2020,False,0.3333333333333333,True,True,True,True,0.34810680373129327,0.2328563028908523,"transmission_rate_effective, gamma_0","transmission_rate_effective, gamma_a"
horizonte 2T,estados,Rahman_MBS2016,False,0.3333333333333333,True,True,True,True,0.06119372434439263,0.09323993414672012,"infected_moderate_transmission_rate, infected_moderate_worsen_rate","infected_moderate_transmission_rate, infected_weak_treatment_rate"
horizonte 2T,estados,Raia_CancerResearch2011,True,1.0,True,True,False,False,0.009699173192004253,0.006967574735810438,Rec_recycle,Rec_recycle
horizonte 2T,estados,SalazarCavazos_MBoC2020,True,1.0,True,True,False,False,,,"ratio_kpkd_Y1068__FREE, ratio_kpkd_YN__FREE","ratio_kpkd_Y1068__FREE, ratio_kpkd_YN__FREE"
horizonte 2T,estados,Smith_BMCSystBiol2013,True,1.0,True,True,True,True,0.14351056005008664,0.09861140802962631,"k30f, kminus7b","k30f, kminus7b"
horizonte 2T,estados,Sneyd_PNAS2002,True,1.0,True,True,True,True,1.203963116242959e-10,1.965504751647156e-05,"k1, l_2","k1, l_2"
horizonte 2T,estados,Weber_BMC2015,True,1.0,True,True,True,True,0.04171179691370397,0.03599935788674883,"s31, p31","s31, p31"
horizonte 2T,estados,Zhao_QuantBiol2020,True,1.0,True,True,True,True,0.11615614922364893,0.10475827265912377,"R_Stage_I_Wuhan, gamma_2_Stage_I_Wuhan","R_Stage_I_Wuhan, gamma_2_Stage_I_Wuhan"
horizonte 2T,estados,Zheng_PNAS2012,False,0.6666666666666666,True,True,True,True,0.3050993999100434,0.43155482424415265,"k13_12, k13_03, k12_22","k13_12, k13_03"
