sistema,estados_etapa,estados_|S|,salidas_etapa,salidas_|S|,salidas_p,salidas_cos,salidas_erel,salidas_eajuste,salidas_admisible,S_salidas,en_comun
Alkan_SciSignal2018,Stage 2 ✓,5,—,0,,,,,,,0
Armistead_CellDeathDis2024,Stage 1 ✓,2,Stage 2 ✓,4,14.0,0.9969061244131788,0.11637583627813049,0.05740767507099321,True,"k_d, k00, k2, alpha_cer",2
Bachmann_MSB2011,Stage 2 ✓,2,—,0,,,,,,,0
Beer_MolBioSystems2014,Técnico,0,—,0,,,,,,,0
Bertozzi_PNAS2020,Técnico,0,—,0,,,,,,,0
Blasi_CellSystems2016,Stage 1 ✓,2,Stage 1 ✓,5,9.0,0.9788826098651361,0.2107102196976061,0.19792144351844154,True,"a_basal, a_k16_k12k16, a_k12k16_k8k12k16, a_k5k12_k5k8k12, a_k8k12k16_4ac",1
Boehm_JProteomeRes2014,Stage 1 ✓,3,Stage 2 ✓,2,9.0,0.9271771389230133,0.6000118599041862,0.0935348340647396,True,"k_imp_hetero, k_phos",2
Borghans_BiophysChem1997,Stage 2 ✓,2,Stage 2 ✓,2,23.0,0.8629009281460229,0.5060501205407636,0.1627423546553349,True,"Kz, K_par",1
Brannmark_JBC2010,Stage 2 ✓,3,—,0,,,,,,,0
Bruno_JExpBot2016,Stage 1 ✓,4,—,0,,,,,,,0
Chen_MSB2009,Stage 2 ✓,2,—,0,,,,,,,0
Crauste_CellSystems2017,Stage 1 ✓,2,Stage 2 (|S| = 1),1,12.0,0.5345764469849772,0.8465566384098051,0.9516930384478459,False,rho_E,0
Elowitz_Nature2000,Stage 1 ✓,2,Stage 1 ✓,6,21.0,0.9633400561787215,0.36737572386581435,0.05206074154163219,True,"n_Hill, tau_mRNA, tau_prot, scale, tau_prot_GFP, eff",2
Fiedler_BMCSystBiol2016,Stage 2 ✓,2,Stage 2 ✓,5,22.0,0.8361922599398631,0.6724830501735601,0.3843282273863871,True,"tau2, s_pMek_20140505_gel2, s_pMek_20140430_gel2, k6, k3",1
Froehlich_CellSystems2018,Stage 1 ✓,22,—,0,,,,,,,0
Fujita_SciSignal2010,Stage 2 (|S| = 1),1,—,0,,,,,,,0
Giordano_Nature2020,Stage 2 ✓,2,—,0,,,,,,,0
Isensee_JCB2018,Stage 2 ✓,2,—,0,,,,,,,0
Lang_PLOSComputBiol2024,Stage 2 ✓,19,—,0,,,,,,,0
Laske_PLOSComputBiol2019,Stage 1 ✓,2,—,0,,,,,,,0
Liu_IFACPapersOnLine2025,Stage 1 ✓,2,—,0,,,,,,,0
Lucarelli_CellSystems2018,Técnico,0,—,0,,,,,,,0
Okuonghae_ChaosSolitonsFractals2020,Stage 2 ✓,2,Stage 2 ✓,2,16.0,0.998266869332627,0.7486028043788497,0.04108488716445427,True,"transmission_rate_effective, gamma_i",1
Oliveira_NatCommun2021,Stage 2 ✓,2,—,0,,,,,,,0
Perelson_Science1996,Stage 1 ✓,2,—,0,,,,,,,0
Rahman_MBS2016,Stage 2 ✓,2,—,0,,,,,,,0
Raia_CancerResearch2011,Stage 2 (|S| = 1),1,Stage 2 ✓,2,39.0,0.9942783448936876,0.7075313964140262,0.046647429779931526,True,"scaling_SOCS3mRNA, init_Rec_i",0
Raimundez_PCB2020,Stage 1 ✓,2,—,0,,,,,,,0
SCT_Bandura,Stage 1 ✓,2,—,0,,,,,,,0
SalazarCavazos_MBoC2020,Stage 2 ✗,2,Stage 2 ✓,2,6.0,0.973042141911705,0.4111149796804519,0.18706001871564362,True,"ratio_kpkd_Y1068__FREE, ratio_kpkd_YN__FREE",2
Schwen_PONE2014,Técnico,0,—,0,,,,,,,0
Smith_BMCSystBiol2013,Stage 2 ✓,2,—,0,,,,,,,0
Sneyd_PNAS2002,Stage 2 ✓,2,Stage 2 ✓,2,15.0,0.8773208165057735,0.5646323116564582,0.3811614798614992,True,"l4, l2",0
Weber_BMC2015,Stage 2 ✓,2,—,0,,,,,,,0
Zhao_QuantBiol2020,Stage 2 ✓,2,—,0,,,,,,,0
Zheng_PNAS2012,Stage 2 ✓,3,Stage 2 ✓,2,46.0,0.5682428912770384,0.9469732985111915,0.300354127020543,True,"k01_02, k13_12",1
